Square_Footage,Num_Bedrooms,Num_Bathrooms,Year_Built,Lot_Size,Garage_Size,Neighborhood_Quality,House_Price,,,X1,X2,X3,X4,X5,X6,X7
1360,2,1,1981,0.59963664,0,5,262382.8523,,,0.190613879,0.25,0,0.430555556,0.020872924,0,0.444444444
4272,3,3,2016,4.753013849,1,6,985260.8545,,,0.838300712,0.5,1,0.916666667,0.947295123,0.5,0.555555556
3592,1,2,2016,3.63482272,0,9,777977.3901,,,0.68705516,0,0.5,0.916666667,0.697879519,0,0.888888889
966,1,2,1977,2.730666876,1,8,229698.9187,,,0.102980427,0,0.5,0.375,0.496205073,0.5,0.777777778
4926,2,1,1993,4.699072555,0,8,1041740.859,,,0.983763345,0.25,0,0.597222222,0.935263369,0,0.777777778
3944,5,3,1990,2.475930044,2,8,879796.9835,,,0.765346975,1,1,0.555555556,0.439385323,1,0.777777778
3671,1,2,2012,4.911960066,0,1,814427.8614,,,0.704626335,0,0.5,0.861111111,0.982748513,0,0
3419,1,1,1972,2.805281408,1,1,703413.1109,,,0.648576512,0,0,0.305555556,0.51284805,0.5,0
630,3,3,1997,1.014285965,1,8,173875.0372,,,0.028247331,0.5,1,0.652777778,0.113361595,0.5,0.777777778
2185,4,2,1981,3.941604376,2,5,504176.5061,,,0.37411032,0.75,0.5,0.430555556,0.76630801,1,0.444444444
1269,2,2,2006,3.555039763,1,9,335332.5928,,,0.170373665,0.25,0.5,0.777777778,0.680083711,0.5,0.888888889
2891,2,3,1982,3.978440246,0,2,635097.3959,,,0.53113879,0.25,1,0.444444444,0.774524352,0,0.111111111
2933,5,3,1973,4.781489129,2,9,701133.8041,,,0.540480427,1,1,0.319444444,0.953646612,1,0.888888889
1684,5,3,1988,3.994201862,1,8,440726.2848,,,0.262677936,1,1,0.527777778,0.778040024,0.5,0.777777778
3885,2,3,1983,3.25101471,1,9,838719.4305,,,0.752224199,0.25,1,0.458333333,0.612270088,0.5,0.888888889
4617,5,1,2005,4.357890061,0,4,1019192.661,,,0.915035587,1,0,0.763888889,0.859161676,0,0.333333333
3404,3,3,1977,3.529608977,0,1,735850.8123,,,0.645240214,0.5,1,0.375,0.674411304,0,0
974,2,2,1986,2.336535756,2,1,234261.65,,,0.104759786,0.25,0.5,0.5,0.408293044,1,0
1582,5,2,1956,4.485288939,1,5,396246.3589,,,0.239991103,1,0.5,0.083333333,0.887578346,0.5,0.444444444
3058,2,1,2017,1.498552074,0,2,672852.052,,,0.568282918,0.25,0,0.930555556,0.221378481,0,0.111111111
2547,4,2,1986,3.715885737,2,8,586086.5685,,,0.454626335,0.75,0.5,0.5,0.715960847,1,0.777777778
3247,1,2,2005,4.467035547,1,10,740174.0147,,,0.610320285,0,0.5,0.763888889,0.883506877,0.5,1
1475,2,3,2014,3.790924339,1,5,370167.0909,,,0.216192171,0.25,1,0.888888889,0.732698414,0.5,0.444444444
2306,1,2,2014,3.637739386,2,5,530824.1968,,,0.401023132,0,0.5,0.888888889,0.698530089,1,0.444444444
689,5,1,1996,3.886872323,2,2,227515.3003,,,0.041370107,1,0,0.638888889,0.754099875,1,0.111111111
3234,1,3,1969,2.592748617,0,7,652166.1424,,,0.607428826,0,1,0.263888889,0.465442027,0,0.666666667
3505,2,3,1968,4.43376807,1,8,745670.6371,,,0.667704626,0.25,1,0.25,0.876086474,0.5,0.777777778
2399,4,1,1978,1.415464138,1,10,513161.9512,,,0.421708185,0.75,0,0.388888889,0.202845489,0.5,1
1767,5,3,2009,1.073238872,1,1,432357.9061,,,0.28113879,1,1,0.819444444,0.126511203,0.5,0
2028,2,3,1967,1.784789511,2,2,434165.8966,,,0.339190391,0.25,1,0.236111111,0.285224528,1,0.111111111
3702,5,1,1984,2.892098285,0,10,809686.2011,,,0.711521352,1,0,0.472222222,0.532212793,0,1
4056,3,3,1992,2.797528079,1,4,883819.0911,,,0.790258007,0.5,1,0.583333333,0.511118649,0.5,0.333333333
4390,1,1,1960,4.19269441,2,5,912468.0479,,,0.864546263,0,0,0.138888889,0.822314332,1,0.444444444
1146,3,1,1998,2.320558954,1,2,281313.0614,,,0.143016014,0.5,0,0.666666667,0.404729375,0.5,0.111111111
3388,2,2,1987,2.679549918,0,1,705923.3149,,,0.641681495,0.25,0.5,0.513888889,0.484803296,0,0
2935,4,2,2013,0.560154575,1,9,656980.4604,,,0.540925267,0.75,0.5,0.875,0.012066341,0.5,0.888888889
1100,5,3,2018,2.343826564,0,1,318266.2771,,,0.132784698,1,1,0.944444444,0.409919279,0,0
2863,1,3,1957,3.414984048,0,4,582468.7977,,,0.524911032,0,1,0.097222222,0.648843899,0,0.333333333
2561,5,1,1983,0.569787488,1,2,541967.6336,,,0.457740214,1,0,0.458333333,0.014214988,0.5,0.111111111
741,2,3,1997,1.763968843,1,4,188531.4235,,,0.052935943,0.25,1,0.652777778,0.280580421,0.5,0.333333333
2541,5,1,2005,1.435803617,0,8,565562.7504,,,0.453291815,1,0,0.763888889,0.207382266,0,0.777777778
3324,1,1,2014,0.68893443,2,8,697574.5557,,,0.627446619,0,0,0.888888889,0.040791041,1,0.777777778
3112,2,3,1980,2.656670405,0,9,666733.4735,,,0.580293594,0.25,1,0.416666667,0.479699957,0,0.888888889
1863,5,1,1953,1.31775482,1,5,376388.0216,,,0.302491103,1,0,0.041666667,0.181051157,0.5,0.444444444
1978,4,2,1999,3.843866928,1,7,485380.9502,,,0.328069395,0.75,0.5,0.680555556,0.744507404,0.5,0.666666667
3056,2,3,2018,4.315675477,2,3,735678.4622,,,0.567838078,0.25,1,0.944444444,0.849745597,1,0.222222222
1275,2,2,1979,2.955133322,0,10,296291.001,,,0.171708185,0.25,0.5,0.402777778,0.546272931,0,1
4514,4,3,2008,4.917683041,0,4,1046315.896,,,0.892126335,0.75,1,0.805555556,0.984025038,0,0.333333333
534,3,1,2016,2.527153572,0,10,187508.5853,,,0.006895018,0.5,0,0.916666667,0.450810872,0,1
3652,1,3,1994,2.810156946,1,9,793995.2849,,,0.700400356,0,1,0.611111111,0.513935552,0.5,0.888888889
2455,3,2,1953,4.951479893,0,10,527393.5129,,,0.434163701,0.5,0.5,0.041666667,0.991563519,0,1
2085,5,1,1975,1.541967962,2,10,467768.1229,,,0.351868327,1,0,0.347222222,0.231062514,1,1
4443,4,3,1976,4.741456729,1,1,981190.7829,,,0.87633452,0.75,1,0.361111111,0.944717275,0.5,0
3573,3,3,1995,0.692768998,1,2,750481.7169,,,0.682829181,0.5,1,0.625,0.041646352,0.5,0.111111111
1521,2,3,2013,2.508741006,0,5,377511.2685,,,0.226423488,0.25,1,0.875,0.446703898,0,0.444444444
3961,5,2,2000,0.815015805,2,3,866877.3524,,,0.769128114,1,0.5,0.694444444,0.068913838,1,0.222222222
3113,5,2,1999,3.781556343,1,2,731331.6611,,,0.580516014,1,0.5,0.680555556,0.730608857,0.5,0.111111111
4343,3,3,1955,3.237840211,1,1,899382.8652,,,0.854092527,0.5,1,0.069444444,0.609331479,0.5,0
2000,3,1,2008,3.679854186,0,10,485622.4019,,,0.332962633,0.5,0,0.805555556,0.707923911,0,1
661,4,1,1964,2.1851618,0,3,147601.5516,,,0.035142349,0.75,0,0.194444444,0.374528667,0,0.222222222
4797,1,2,1979,2.162668703,2,1,986006.8617,,,0.955071174,0,0.5,0.402777778,0.36951152,1,0
2481,3,1,1991,0.703936755,0,1,509725.5507,,,0.439946619,0.5,0,0.569444444,0.044137351,0,0
1495,3,2,1986,2.074752228,2,1,346932.6209,,,0.220640569,0.5,0.5,0.5,0.349901509,1,0
3842,2,3,1991,4.68179781,1,8,863289.3969,,,0.742660142,0.25,1,0.569444444,0.931410189,0.5,0.777777778
4298,5,2,1984,2.206519417,2,3,919295.8541,,,0.84408363,1,0.5,0.472222222,0.379292543,1,0.222222222
1775,1,2,1955,4.241154678,2,1,406069.2709,,,0.282918149,0,0.5,0.069444444,0.833123528,1,0
1516,2,3,2017,4.290464771,2,7,397346.1109,,,0.225311388,0.25,1,0.930555556,0.84412228,1,0.666666667
837,4,1,1967,2.179585204,1,10,191117.1012,,,0.074288256,0.75,0,0.236111111,0.373284792,0.5,1
1378,4,2,2022,3.343949062,0,3,384461.3548,,,0.194617438,0.75,0.5,1,0.63299935,0,0.222222222
1576,3,2,1978,0.92917221,1,8,340980.7248,,,0.238656584,0.5,0.5,0.388888889,0.094376738,0.5,0.777777778
4493,3,3,2008,0.966553613,0,4,951093.547,,,0.887455516,0.5,1,0.805555556,0.102714763,0,0.333333333
879,4,1,1996,0.718959486,2,4,217010.4853,,,0.083629893,0.75,0,0.638888889,0.047488213,1,0.333333333
992,3,2,1966,3.11456792,2,5,248224.0197,,,0.108763345,0.5,0.5,0.222222222,0.581835256,1,0.444444444
2562,1,3,1971,2.417319399,2,6,538349.0962,,,0.457962633,0,1,0.291666667,0.426312058,1,0.555555556
4384,3,2,2017,2.966145605,2,7,985223.9967,,,0.863211744,0.5,0.5,0.930555556,0.548729251,1,0.666666667
564,5,3,2018,2.844829357,2,4,242865.9315,,,0.013567616,1,1,0.944444444,0.521669329,1,0.333333333
3068,3,1,1986,2.07591346,0,8,654466.9454,,,0.570507117,0.5,0,0.5,0.350160525,0,0.777777778
2527,2,1,1998,3.548630367,0,6,551967.8883,,,0.450177936,0.25,0,0.666666667,0.678654078,0,0.555555556
3195,1,1,1962,3.913258464,2,1,663904.9927,,,0.598754448,0,0,0.166666667,0.759985377,1,0
1995,2,1,1983,0.565827165,1,1,397482.748,,,0.331850534,0.25,0,0.458333333,0.013331628,0.5,0
891,2,2,2002,1.432590349,1,9,209632.8415,,,0.086298932,0.25,0.5,0.722222222,0.206665537,0.5,0.888888889
4974,5,2,2000,3.709561406,2,10,1107045.063,,,0.994439502,1,0.5,0.694444444,0.714550188,1,1
4061,1,1,1952,2.239790777,0,6,787420.4041,,,0.791370107,0,0,0.027777778,0.386713811,0,0.555555556
2778,1,1,1991,3.481177761,1,10,605371.7047,,,0.506005338,0,0,0.569444444,0.663608589,0.5,1
3599,1,1,1981,2.061331969,1,8,721018.0639,,,0.6886121,0,0,0.430555556,0.346908083,0.5,0.777777778
700,1,2,2000,2.258398185,1,7,199066.3789,,,0.043816726,0,0.5,0.694444444,0.390864244,0.5,0.666666667
3604,1,1,1995,1.214054932,2,6,730047.4974,,,0.689724199,0,0,0.625,0.157920612,1,0.555555556
2954,5,1,1970,1.662039588,1,4,627923.6172,,,0.545151246,1,0,0.277777778,0.257844821,0.5,0.333333333
4145,3,1,1993,3.224352909,1,7,898283.8867,,,0.810053381,0.5,0,0.597222222,0.6063231,0.5,0.666666667
1304,2,3,1960,2.449234001,1,9,277832.1057,,,0.178158363,0.25,1,0.138888889,0.433430697,0.5,0.888888889
3231,1,1,2017,3.984362073,1,10,731490.1175,,,0.606761566,0,0,0.930555556,0.775845232,0.5,1
3273,3,3,1950,4.336632297,0,10,688357.6485,,,0.616103203,0.5,1,0,0.854420073,0,1
2070,3,3,2012,2.937408882,2,7,525582.3102,,,0.348532028,0.5,1,0.861111111,0.542319446,1,0.666666667
3190,2,1,1973,3.912202814,2,1,684824.5349,,,0.597642349,0.25,0,0.319444444,0.759749911,1,0
4340,5,3,1962,1.881070309,0,10,903251.9406,,,0.853425267,1,1,0.166666667,0.306700225,0,1
1528,4,1,1960,2.367370469,0,9,323118.7393,,,0.227980427,0.75,0,0.138888889,0.415170812,0,0.888888889
1002,4,2,2000,3.707499543,2,4,307101.6858,,,0.110987544,0.75,0.5,0.694444444,0.714090284,1,0.333333333
4993,3,2,1966,2.237953968,1,3,1020324.757,,,0.99866548,0.5,0.5,0.222222222,0.386304105,0.5,0.222222222
1370,2,2,1973,3.148272208,1,4,304730.5062,,,0.192838078,0.25,0.5,0.319444444,0.58935309,0.5,0.333333333
4988,4,2,1968,1.334177506,2,4,1026397.297,,,0.997553381,0.75,0.5,0.25,0.184714282,1,0.333333333
706,3,3,1986,3.198970917,1,10,199414.9426,,,0.045151246,0.5,1,0.5,0.600661577,0.5,1
1984,5,1,1957,4.376811683,0,2,472657.6143,,,0.329403915,1,0,0.097222222,0.863382196,0,0.111111111
1363,4,1,1977,4.408878379,1,1,340069.2298,,,0.191281139,0.75,0,0.375,0.87053476,0.5,0
3290,3,1,1954,3.759549828,1,10,696709.4153,,,0.619884342,0.5,0,0.055555556,0.725700243,0.5,1
1063,3,2,1966,3.855890206,1,1,266533.0539,,,0.12455516,0.5,0.5,0.222222222,0.747189229,0.5,0
4691,1,2,1985,3.010673503,2,8,971514.762,,,0.931494662,0,0.5,0.486111111,0.558661321,1,0.777777778
2257,5,1,1968,3.131006406,0,2,501305.549,,,0.390124555,1,0,0.25,0.585501906,0,0.111111111
2178,1,2,2013,1.101427616,1,10,480961.442,,,0.372553381,0,0.5,0.875,0.13279878,0.5,1
3742,2,1,1960,2.497366348,2,5,758977.8819,,,0.720418149,0.25,0,0.138888889,0.44416675,1,0.444444444
1559,1,1,2003,2.528493277,1,4,364658.5286,,,0.234875445,0,0,0.736111111,0.451109697,0.5,0.333333333
2222,1,1,1994,4.813240261,0,8,515813.7578,,,0.382339858,0,0,0.611111111,0.960728789,0,0.777777778
3814,4,1,1996,2.439890882,1,2,834587.5118,,,0.736432384,0.75,0,0.638888889,0.431346689,0.5,0.111111111
3657,3,1,1961,2.972041902,0,10,747384.0608,,,0.701512456,0.5,0,0.152777778,0.550044436,0,1
3125,5,1,1970,2.899631297,1,9,667696.045,,,0.583185053,1,0,0.277777778,0.533893052,0.5,0.888888889
3229,1,1,1960,3.365427727,0,7,645145.5398,,,0.606316726,0,0,0.138888889,0.637790225,0,0.666666667
2097,5,2,1954,3.867047741,1,7,481368.1255,,,0.354537367,1,0.5,0.055555556,0.749677948,0.5,0.666666667
3560,1,1,2005,1.512688443,0,1,740148.1938,,,0.679937722,0,0,0.763888889,0.224531637,0,0
3193,2,1,1969,2.879259886,1,2,639073.1842,,,0.598309609,0.25,0,0.263888889,0.529349153,0.5,0.111111111
4127,1,2,1990,4.216629683,1,4,886568.3132,,,0.806049822,0,0.5,0.555555556,0.82765316,0.5,0.333333333
1863,4,2,1995,2.584016212,2,4,450941.1354,,,0.302491103,0.75,0.5,0.625,0.46349424,1,0.333333333
2481,3,2,1961,1.753058959,2,3,513720.4418,,,0.439946619,0.5,0.5,0.152777778,0.278146941,1,0.222222222
2163,2,1,2019,3.446190839,0,7,521205.601,,,0.369217082,0.25,0,0.958333333,0.655804659,0,0.666666667
2029,1,3,1966,4.206953281,1,8,455122.1,,,0.339412811,0,1,0.222222222,0.825494812,0.5,0.777777778
2538,5,3,1968,0.784131318,0,2,551463.8889,,,0.452624555,1,1,0.25,0.062024969,0,0.111111111
3802,2,2,1975,3.995557175,2,4,816173.7524,,,0.733763345,0.25,0.5,0.347222222,0.77834233,1,0.333333333
2737,2,3,1997,4.197415698,0,3,637736.0104,,,0.496886121,0.25,1,0.652777778,0.823367428,0,0.222222222
1806,1,2,2001,2.576853174,0,2,420203.4616,,,0.289813167,0,0.5,0.708333333,0.461896505,0,0.111111111
4529,2,1,2019,4.924875456,2,6,1026790.066,,,0.895462633,0.25,0,0.958333333,0.985629326,1,0.555555556
3175,5,3,2004,4.040187533,1,4,744681.3971,,,0.59430605,1,1,0.75,0.788297254,0.5,0.333333333
1782,2,1,1982,3.981481542,0,6,400585.4624,,,0.284475089,0.25,0,0.444444444,0.775202722,0,0.555555556
1209,5,3,2011,3.865273585,2,2,368327.4567,,,0.15702847,1,1,0.847222222,0.749282217,1,0.111111111
4913,1,1,1972,1.177736464,1,4,977158.5923,,,0.980871886,0,0,0.305555556,0.149819678,0.5,0.333333333
4248,3,3,1964,1.477538989,2,6,883626.6204,,,0.832962633,0.5,1,0.194444444,0.216691455,1,0.555555556
1163,2,1,1976,2.587955592,0,5,244030.4071,,,0.146797153,0.25,0,0.361111111,0.464372929,0,0.444444444
2498,3,1,2013,1.688019575,1,3,558598.6788,,,0.443727758,0.5,0,0.875,0.263639728,0.5,0.222222222
3945,5,3,2000,2.368584376,1,8,860329.4923,,,0.765569395,1,1,0.694444444,0.415441577,0.5,0.777777778
4243,2,1,2002,4.498088495,2,7,947490.7775,,,0.831850534,0.25,0,0.722222222,0.890433322,1,0.666666667
1995,4,1,2000,4.209471013,2,3,492018.3228,,,0.331850534,0.75,0,0.694444444,0.8260564,1,0.222222222
3804,3,1,1996,3.335179453,2,6,832386.3312,,,0.734208185,0.5,0,0.638888889,0.631043265,1,0.555555556
4263,2,3,1953,4.361541774,1,4,893926.6295,,,0.836298932,0.25,1,0.041666667,0.859976201,0.5,0.333333333
2353,3,3,1956,4.026975751,1,5,534464.912,,,0.411476868,0.5,1,0.083333333,0.78535033,0.5,0.444444444
1791,2,1,1984,2.430432193,0,5,355281.4185,,,0.286476868,0.25,0,0.472222222,0.429236902,0,0.444444444
4081,1,1,1997,1.404793184,1,7,834105.7943,,,0.795818505,0,0,0.652777778,0.200465303,0.5,0.666666667
3957,3,3,2022,2.81390468,0,5,885550.3826,,,0.768238434,0.5,1,1,0.514771494,0,0.444444444
2136,4,3,2021,3.813029971,2,3,551859.0857,,,0.363211744,0.75,1,0.986111111,0.737629136,1,0.222222222
4196,4,1,1994,2.463888194,2,10,922420.5884,,,0.821396797,0.75,0,0.611111111,0.436699355,1,1
3499,5,1,2021,3.500473594,1,5,804433.8093,,,0.666370107,1,0,0.986111111,0.667912577,0.5,0.444444444
3652,2,1,1968,0.924473418,2,7,734985.063,,,0.700400356,0.25,0,0.25,0.09332866,1,0.666666667
1198,3,2,2012,3.866021314,2,5,346152.8476,,,0.154581851,0.5,0.5,0.861111111,0.749449,1,0.444444444
2660,5,3,1987,4.15721129,1,5,649973.3619,,,0.479759786,1,1,0.513888889,0.814399725,0.5,0.444444444
4597,3,2,2016,3.680770351,0,9,1006939.664,,,0.910587189,0.5,0.5,0.916666667,0.708128264,0,0.888888889
1354,2,3,2008,4.852686144,1,3,370260.6032,,,0.189279359,0.25,1,0.805555556,0.969527302,0.5,0.222222222
3974,4,3,2018,4.219934259,0,6,928059.713,,,0.772019573,0.75,1,0.944444444,0.828390255,0,0.555555556
2207,1,3,1962,4.563921775,1,1,492112.0397,,,0.379003559,0,1,0.166666667,0.905117616,0.5,0
3277,4,3,1996,4.701069876,1,10,752466.6747,,,0.616992883,0.75,1,0.638888889,0.935708877,0.5,1
2233,5,3,2010,4.106065963,2,5,573797.9393,,,0.384786477,1,1,0.833333333,0.802991619,1,0.444444444
4010,1,3,1980,3.534164789,1,8,854876.2984,,,0.78002669,0,1,0.416666667,0.675427491,0.5,0.777777778
702,5,3,1971,0.525733616,1,5,183663.6465,,,0.044261566,1,1,0.291666667,0.004388651,0.5,0.444444444
3755,2,2,1992,2.59621589,0,9,788150.9318,,,0.723309609,0.25,0.5,0.583333333,0.466215411,0,0.888888889
4718,1,1,2016,3.070230344,2,6,981510.8953,,,0.9375,0,0,0.916666667,0.571945638,1,0.555555556
4996,5,1,2003,1.868136226,0,8,1070454.275,,,0.99933274,1,0,0.736111111,0.303815242,0,0.777777778
1266,2,2,1959,1.931470011,0,10,241968.8433,,,0.169706406,0.25,0.5,0.125,0.317942017,0,1
4889,4,2,1991,4.825217371,2,8,1064004.873,,,0.975533808,0.75,0.5,0.569444444,0.963400316,1,0.777777778
2827,2,2,2013,4.512698893,2,3,640767.2242,,,0.516903915,0.25,0.5,0.875,0.893692211,1,0.222222222
3431,3,2,1970,4.321305525,2,7,762159.3915,,,0.651245552,0.5,0.5,0.277777778,0.851001395,1,0.666666667
697,2,3,2015,2.327053108,1,7,216591.9711,,,0.043149466,0.25,1,0.902777778,0.406177913,0.5,0.666666667
2430,2,1,1990,0.561643477,2,10,497168.0883,,,0.428603203,0.25,0,0.555555556,0.012398444,1,1
4082,3,3,1973,0.861000109,2,6,857205.2453,,,0.796040925,0.5,1,0.319444444,0.079170764,1,0.555555556
1108,5,1,1984,1.904883657,2,7,285546.5017,,,0.134564057,1,0,0.472222222,0.312011857,1,0.666666667
3772,5,1,2005,0.570843108,0,2,819125.6471,,,0.727090747,1,0,0.763888889,0.014450448,0,0.111111111
1647,2,2,1979,0.577174019,0,9,316130.2556,,,0.254448399,0.25,0.5,0.402777778,0.015862574,0,0.888888889
4782,3,3,2006,4.624714857,1,10,1067425.217,,,0.951734875,0.5,1,0.777777778,0.91867768,0.5,1
3897,3,2,1996,3.67771326,0,10,837398.5651,,,0.754893238,0.5,0.5,0.638888889,0.707446371,0,1
3011,4,3,1984,1.890301955,1,1,658260.706,,,0.557829181,0.75,1,0.472222222,0.308759369,0.5,0
2294,5,1,1968,1.096900599,0,1,475767.3505,,,0.398354093,1,0,0.25,0.131789016,0,0
1159,1,2,1957,2.802360731,2,3,250101.5473,,,0.145907473,0,0.5,0.097222222,0.512196585,1,0.222222222
3311,5,2,1975,0.524057724,0,3,688516.5047,,,0.62455516,1,0.5,0.347222222,0.004014839,0,0.222222222
1869,5,1,2020,4.722861847,1,1,510876.9991,,,0.303825623,1,0,0.972222222,0.940569636,0.5,0
2486,4,1,1979,2.366668037,0,7,543734.4219,,,0.441058719,0.75,0,0.402777778,0.415014132,0,0.666666667
646,1,1,1956,2.310507299,2,4,146406.8963,,,0.03180605,0,0,0.083333333,0.402487325,1,0.333333333
3719,4,2,2016,2.257671234,1,10,828512.102,,,0.715302491,0.75,0.5,0.916666667,0.390702096,0.5,1
3411,1,3,2014,0.811977487,2,2,719969.4353,,,0.646797153,0,1,0.888888889,0.068236133,1,0.111111111
2234,2,2,1985,3.372450079,2,10,507847.5873,,,0.385008897,0.25,0.5,0.486111111,0.63935658,1,1
2343,1,3,1974,3.798516288,1,5,507554.9441,,,0.409252669,0,1,0.333333333,0.734391819,0.5,0.444444444
988,4,2,1986,3.542564289,2,6,294558.072,,,0.107873665,0.75,0.5,0.5,0.677301022,1,0.555555556
3476,5,2,1950,1.12295972,2,9,712212.2154,,,0.661254448,1,0.5,0,0.137601575,1,0.888888889
2459,1,1,1964,3.104780756,0,4,491715.9477,,,0.435053381,0,0,0.194444444,0.579652202,0,0.333333333
2885,1,3,1986,3.062680179,2,2,625227.0455,,,0.52980427,0,1,0.5,0.570261553,1,0.111111111
3419,3,2,1962,4.407848546,2,5,752101.9024,,,0.648576512,0.5,0.5,0.166666667,0.870305053,1,0.444444444
2302,5,2,1957,2.206074463,2,3,501913.6471,,,0.400133452,1,0.5,0.097222222,0.379193294,1,0.222222222
4561,2,1,1954,2.171686746,2,2,907358.633,,,0.902580071,0.25,0,0.055555556,0.37152302,1,0.111111111
3869,4,1,2009,3.283371764,1,1,878704.0956,,,0.74866548,0.75,0,0.819444444,0.619487417,0.5,0
762,2,3,2022,3.348826941,0,10,237070.7057,,,0.057606762,0.25,1,1,0.634087374,0,1
1123,5,2,1950,2.611783523,2,2,267132.4136,,,0.137900356,1,0.5,0,0.469687815,1,0.111111111
1516,1,3,1985,2.49376713,2,6,353129.5685,,,0.225311388,0,1,0.486111111,0.443363934,1,0.555555556
4143,1,2,1984,2.723664518,1,8,845141.6167,,,0.809608541,0,0.5,0.472222222,0.494643178,0.5,0.777777778
2549,5,3,2015,4.374703848,2,3,656223.1627,,,0.455071174,1,1,0.902777778,0.862912037,1,0.222222222
4223,1,1,2012,2.575251056,1,9,884677.6891,,,0.827402135,0,0,0.861111111,0.461539148,0.5,0.888888889
3608,1,2,1972,4.729693064,0,9,775773.2238,,,0.690613879,0,0.5,0.305555556,0.942093357,0,0.888888889
4590,1,3,1958,2.768016936,0,2,918893.7439,,,0.909030249,0,1,0.111111111,0.504536107,0,0.111111111
2556,4,1,1983,4.771403119,2,8,607698.7371,,,0.456628114,0.75,0,0.458333333,0.9513969,1,0.777777778
3670,4,1,1995,4.247743558,2,10,838774.484,,,0.704403915,0.75,0,0.625,0.834593196,1,1
2182,3,3,1953,2.130940952,2,5,470978.4795,,,0.37344306,0.5,1,0.041666667,0.362434558,1,0.444444444
2755,2,2,1979,4.386386396,1,4,616308.9624,,,0.50088968,0.25,0.5,0.402777778,0.865517862,0.5,0.333333333
1654,5,2,2021,0.995284779,2,10,417416.2623,,,0.256005338,1,0.5,0.986111111,0.109123328,1,1
4999,5,1,1952,4.662712289,2,5,1060976.489,,,1,1,0,0.027777778,0.927153111,1,0.444444444
3691,5,2,1963,3.342395818,0,4,809046.2842,,,0.709074733,1,0.5,0.180555556,0.632652895,0,0.333333333
2196,3,2,2009,0.744758368,2,8,485376.4233,,,0.37655694,0.5,0.5,0.819444444,0.053242724,1,0.777777778
4491,4,2,1994,3.399155256,0,4,965816.6681,,,0.887010676,0.75,0.5,0.611111111,0.645313243,0,0.333333333
2148,3,1,1983,4.884114444,2,10,517515.406,,,0.365880783,0.5,0,0.458333333,0.97653747,1,1
1945,5,3,1994,0.814102946,0,6,438250.1762,,,0.320729537,1,1,0.611111111,0.068710223,0,0.555555556
4699,2,2,2010,2.996094694,2,2,1008240.785,,,0.933274021,0.25,0.5,0.833333333,0.555409478,1,0.111111111
4423,1,1,1965,3.865074574,0,5,888140.076,,,0.871886121,0,0,0.208333333,0.749237827,0,0.444444444
753,4,1,2015,4.14616364,1,6,252963.3562,,,0.055604982,0.75,0,0.902777778,0.811935516,0.5,0.555555556
3683,4,3,1989,2.362223594,0,5,801206.2037,,,0.707295374,0.75,1,0.541666667,0.414022787,0,0.444444444
3057,3,2,1966,1.418749516,0,2,624112.16,,,0.568060498,0.5,0.5,0.222222222,0.203578302,0,0.111111111
598,4,2,1983,0.690540254,0,7,155471.1663,,,0.021129893,0.75,0.5,0.458333333,0.041149225,0,0.666666667
2700,5,3,1965,3.108767707,2,4,617900.4948,,,0.488656584,1,1,0.208333333,0.580541503,1,0.333333333
3461,5,3,2009,2.538099816,2,8,798362.775,,,0.657918149,1,1,0.819444444,0.453252462,1,0.777777778
4933,3,1,2015,4.769349778,2,7,1096158.29,,,0.985320285,0.5,0,0.902777778,0.950938896,1,0.666666667
4277,5,1,2015,0.772722085,1,7,927092.406,,,0.839412811,1,0,0.902777778,0.059480108,0.5,0.666666667
3369,2,3,1962,3.584279046,1,9,728289.8873,,,0.637455516,0.25,1,0.166666667,0.686605613,0.5,0.888888889
3734,3,2,2005,0.612348,0,1,785248.362,,,0.71863879,0.5,0.5,0.763888889,0.023708228,0,0
4291,2,1,1980,1.271453795,1,10,862580.4984,,,0.84252669,0.25,0,0.416666667,0.170723586,0.5,1
1456,1,1,1983,2.5411055,0,6,297387.9225,,,0.211966192,0,0,0.458333333,0.453922888,0,0.555555556
4567,2,2,1988,2.546925993,0,6,938151.8372,,,0.903914591,0.25,0.5,0.527777778,0.455221165,0,0.555555556
660,1,1,2016,3.585652443,0,6,203447.4834,,,0.034919929,0,0,0.916666667,0.686911953,0,0.555555556
4993,1,2,1957,4.595958657,1,6,1038319.165,,,0.99866548,0,0.5,0.097222222,0.91226353,0.5,0.555555556
1800,2,2,2004,3.375644715,2,10,443408.306,,,0.288478648,0.25,0.5,0.75,0.640069153,1,1
4487,3,2,1976,4.79090794,1,7,971977.0246,,,0.886120996,0.5,0.5,0.361111111,0.955747504,0.5,0.666666667
2027,5,3,2002,4.467270379,0,10,539478.4032,,,0.338967972,1,1,0.722222222,0.883559256,0,1
1718,5,3,1988,3.13024908,0,6,424712.5513,,,0.270240214,1,1,0.527777778,0.585332982,0,0.555555556
4996,1,3,2014,4.252063779,1,1,1102533.649,,,0.99933274,0,1,0.888888889,0.835556833,0.5,0
3604,1,2,1966,3.391599246,0,3,740286.5597,,,0.689724199,0,0.5,0.222222222,0.643627855,0,0.222222222
3235,3,2,1979,0.853510239,0,2,655719.1459,,,0.607651246,0.5,0.5,0.402777778,0.077500128,0,0.111111111
1454,4,3,2002,3.832541255,1,6,402213.4219,,,0.211521352,0.75,1,0.722222222,0.741981181,0.5,0.555555556
3946,2,1,1962,0.927087986,1,8,779202.681,,,0.765791815,0.25,0,0.166666667,0.093911846,0.5,0.777777778
1545,1,2,1970,3.173372513,1,3,338170.3153,,,0.231761566,0,0.5,0.277777778,0.594951782,0.5,0.222222222
2193,5,1,1968,3.661880926,0,10,497340.9981,,,0.37588968,1,0,0.25,0.703914926,0,1
3936,3,1,2002,0.799374237,0,8,815811.6827,,,0.763567616,0.5,0,0.722222222,0.065424944,0,0.777777778
1062,2,2,1968,1.538575943,2,8,250362.3591,,,0.12433274,0.25,0.5,0.25,0.230305915,1,0.777777778
2985,3,2,2006,4.620525045,2,5,717150.4421,,,0.552046263,0.5,0.5,0.777777778,0.917743131,1,0.444444444
3854,2,1,1974,3.273415215,1,8,811129.4972,,,0.745329181,0.25,0,0.333333333,0.617266582,0.5,0.777777778
725,2,1,1980,1.608287085,2,6,165242.2979,,,0.049377224,0.25,0,0.416666667,0.245855177,1,0.555555556
1459,1,3,2004,3.60805897,0,5,370992.4566,,,0.212633452,0,1,0.75,0.691909791,0,0.444444444
3567,3,3,1972,3.18549389,2,9,779362.3561,,,0.681494662,0.5,1,0.305555556,0.597655489,1,0.888888889
1315,3,2,1981,2.75709065,0,7,308618.4073,,,0.180604982,0.5,0.5,0.430555556,0.502098969,0,0.666666667
3620,5,3,2011,4.892841387,1,8,861356.9776,,,0.693282918,1,1,0.847222222,0.978484039,0.5,0.777777778
516,5,3,1959,3.575541998,1,1,171023.9566,,,0.002891459,1,1,0.125,0.684656791,0.5,0
1743,1,3,2021,2.189484994,0,2,381738.0175,,,0.275800712,0,1,0.986111111,0.375492968,0,0.111111111
2705,1,3,2003,4.100330444,2,8,628610.9651,,,0.489768683,0,1,0.736111111,0.801712296,1,0.777777778
3024,4,1,2001,4.480624818,1,9,698124.6115,,,0.560720641,0.75,0,0.708333333,0.886538001,0.5,0.888888889
1569,5,2,1969,1.063492518,1,4,362679.0878,,,0.237099644,1,0.5,0.263888889,0.124337252,0.5,0.333333333
3944,2,3,1981,1.4024884,2,10,822030.7667,,,0.765346975,0.25,1,0.430555556,0.199951215,1,1
3065,3,1,1963,1.473021541,2,10,611205.6889,,,0.569839858,0.5,0,0.180555556,0.215683826,1,1
1560,1,1,1999,3.610453142,0,9,359657.9956,,,0.235097865,0,0,0.680555556,0.692443817,0,0.888888889
2827,3,1,1977,3.213677998,2,4,605143.9591,,,0.516903915,0.5,0,0.375,0.603942031,1,0.333333333
3920,3,3,2002,3.285462041,2,10,881016.0048,,,0.760008897,0.5,1,0.722222222,0.619953659,1,1
801,4,3,1973,4.733479849,2,10,258111.6714,,,0.066281139,0.75,1,0.319444444,0.94293801,1,1
4776,5,2,1971,3.991601898,0,10,1038652.425,,,0.950400356,1,0.5,0.291666667,0.777460095,0,1
1106,1,3,1979,1.07571616,0,9,219426.9245,,,0.134119217,0,1,0.402777778,0.127063769,0,0.888888889
3670,3,3,2012,2.063781871,1,7,813296.809,,,0.704403915,0.5,1,0.861111111,0.347454541,0.5,0.666666667
1199,1,1,1953,2.459271408,0,2,211038.8532,,,0.15480427,0,0,0.041666667,0.435669569,0,0.111111111
1639,2,2,2008,2.281827149,1,9,395042.3551,,,0.252669039,0.25,0.5,0.805555556,0.396090139,0.5,0.888888889
690,4,3,1957,3.511888741,2,4,203867.0429,,,0.041592527,0.75,1,0.097222222,0.670458757,1,0.333333333
2800,2,3,1961,4.513518965,1,8,619660.8347,,,0.510898577,0.25,1,0.152777778,0.89387513,0.5,0.777777778
1480,1,1,1980,1.877231586,1,7,304174.6641,,,0.21730427,0,0,0.416666667,0.305843987,0.5,0.666666667
3475,1,1,1983,2.983447114,2,7,731899.4356,,,0.661032028,0,0,0.458333333,0.5525884,1,0.666666667
1684,5,3,1998,4.052342399,1,8,467628.5271,,,0.262677936,1,1,0.666666667,0.79100843,0.5,0.777777778
3827,3,2,2006,2.372981265,0,1,827143.7764,,,0.739323843,0.5,0.5,0.777777778,0.416422315,0,0
3894,3,2,1975,1.256531578,0,5,797034.4255,,,0.754225979,0.5,0.5,0.347222222,0.167395145,0,0.444444444
627,2,1,1967,2.637279344,0,2,126097.9272,,,0.027580071,0.25,0,0.236111111,0.475374728,0,0.111111111
2565,4,1,1987,0.748501343,0,2,527544.9105,,,0.458629893,0.75,0,0.513888889,0.054077605,0,0.111111111
2316,3,3,1999,4.740725543,1,1,570289.0161,,,0.403247331,0.5,1,0.680555556,0.944554182,0.5,0
1069,5,1,1957,0.836695423,1,5,234389.7668,,,0.12588968,1,0,0.097222222,0.073749537,0.5,0.444444444
2395,2,3,1990,2.473055219,2,2,534533.02,,,0.420818505,0.25,1,0.555555556,0.438744085,1,0.111111111
3233,2,2,1955,2.884465675,1,4,660507.8198,,,0.607206406,0.25,0.5,0.069444444,0.530510318,0.5,0.333333333
4363,5,2,2018,4.933867245,1,3,1008539.156,,,0.858540925,1,0.5,0.944444444,0.987634969,0.5,0.222222222
4514,4,3,1993,1.247098206,1,3,955158.9064,,,0.892126335,0.75,1,0.597222222,0.165291005,0.5,0.222222222
3401,5,1,2013,1.014941834,2,2,756373.8421,,,0.644572954,1,0,0.875,0.113507888,1,0.111111111
2186,4,2,1978,0.539177662,0,6,441315.0885,,,0.37433274,0.75,0.5,0.388888889,0.007387383,0,0.555555556
3509,5,1,1977,1.200071466,1,2,749610.4678,,,0.668594306,1,0,0.375,0.154801562,0.5,0.111111111
654,5,2,1960,1.432728406,2,8,158636.7031,,,0.033585409,1,0.5,0.138888889,0.206696331,1,0.777777778
3037,1,3,2014,3.337614237,2,8,699683.2484,,,0.5636121,0,1,0.888888889,0.63158635,1,0.777777778
1909,2,3,1968,1.488680557,2,5,390430.2224,,,0.31272242,0.25,1,0.25,0.219176612,1,0.444444444
4557,5,3,1958,0.592343666,0,10,935973.5563,,,0.901690391,1,1,0.111111111,0.019246206,0,1
1284,5,2,1976,4.219782555,1,7,350816.1844,,,0.173709964,1,0.5,0.361111111,0.828356417,0.5,0.666666667
3675,3,1,1983,2.145180655,2,4,779019.7305,,,0.705516014,0.5,0,0.458333333,0.365610763,1,0.333333333
4841,2,1,1993,2.09163509,0,1,987630.2411,,,0.964857651,0.25,0,0.597222222,0.353667278,0,0
3306,3,1,2017,1.861155631,2,2,733612.8164,,,0.62344306,0.5,0,0.930555556,0.302258201,1,0.111111111
1037,2,2,1964,4.889179747,2,10,255907.1344,,,0.118772242,0.25,0.5,0.194444444,0.9776673,1,1
2341,3,2,2000,1.265519378,2,10,517655.1581,,,0.408807829,0.5,0.5,0.694444444,0.169399898,1,1
2955,5,2,1962,4.542071288,2,4,684425.2003,,,0.545373665,1,0.5,0.166666667,0.900243805,1,0.333333333
1024,5,2,1998,3.995614995,2,1,323701.2442,,,0.115880783,1,0.5,0.666666667,0.778355227,1,0
3450,1,2,2019,0.8441598,0,8,724814.2264,,,0.65547153,0,0.5,0.958333333,0.075414487,0,0.777777778
4631,3,1,2005,4.940280957,1,9,1015556.149,,,0.918149466,0.5,0,0.763888889,0.989065565,0.5,0.888888889
4615,4,2,2000,1.721146836,1,4,993273.0797,,,0.914590747,0.75,0.5,0.694444444,0.271028855,0.5,0.333333333
2868,1,2,1986,0.943623172,1,10,581948.16,,,0.526023132,0,0.5,0.5,0.097600065,0.5,1
4347,3,1,1966,4.231914054,1,3,895675.5548,,,0.854982206,0.5,0,0.222222222,0.831062381,0.5,0.222222222
4995,3,2,2007,3.680039902,0,2,1092026.897,,,0.99911032,0.5,0.5,0.791666667,0.707965335,0,0.111111111
3201,1,1,1978,3.277484626,0,5,662119.9411,,,0.600088968,0,0,0.388888889,0.618174275,0,0.444444444
1471,5,1,1982,1.201913887,0,3,341253.2208,,,0.215302491,1,0,0.444444444,0.155212519,0,0.222222222
1666,3,3,2009,2.653232523,2,10,412045.7827,,,0.258674377,0.5,1,0.819444444,0.478933128,1,1
3274,5,3,2004,4.012502121,2,7,748220.4937,,,0.616325623,1,1,0.75,0.782121947,1,0.666666667
2482,1,3,1959,1.866307722,2,6,507185.4544,,,0.440169039,0,1,0.125,0.303407389,1,0.555555556
1353,5,3,1996,1.902604228,1,1,354054.7002,,,0.18905694,1,1,0.638888889,0.311503425,0.5,0
4646,2,2,1972,0.514134077,2,8,915005.2949,,,0.921485765,0.25,0.5,0.305555556,0.001801342,1,0.777777778
4236,4,3,1970,1.284095307,1,2,872676.4342,,,0.830293594,0.75,1,0.277777778,0.17354331,0.5,0.111111111
4269,3,1,1962,4.439325313,2,5,934942.0571,,,0.837633452,0.5,0,0.166666667,0.877326033,1,0.444444444
1074,4,2,1982,2.487859212,1,9,269061.782,,,0.127001779,0.75,0.5,0.444444444,0.442046157,0.5,0.888888889
3761,5,3,1973,4.929055247,2,8,867445.4185,,,0.724644128,1,1,0.319444444,0.98656164,1,0.777777778
1648,3,1,1960,2.280685836,2,2,342303.6893,,,0.254670819,0.5,0,0.138888889,0.395835566,1,0.111111111
2215,5,2,1966,3.718339047,0,9,486872.0567,,,0.380782918,1,0.5,0.222222222,0.716508065,0,0.888888889
4354,2,2,2017,1.768635693,2,5,935626.9529,,,0.856539146,0.25,0.5,0.930555556,0.281621375,1,0.444444444
2991,1,3,1996,2.137143385,2,10,644601.1052,,,0.553380783,0,1,0.638888889,0.363818028,1,1
3160,3,2,1974,1.358266944,0,6,645375.2218,,,0.590969751,0.5,0.5,0.333333333,0.190087498,0,0.555555556
3624,2,1,2022,2.061780658,1,3,786580.3015,,,0.694172598,0.25,0,1,0.347008165,0.5,0.222222222
3551,2,2,1970,2.962568842,0,3,740281.2153,,,0.677935943,0.25,0.5,0.277777778,0.547931444,0,0.222222222
504,3,1,1961,4.962977964,0,10,149743.5,,,0.00022242,0.5,0,0.152777778,0.994128195,0,1
1376,5,2,1986,3.488907709,1,8,348893.554,,,0.194172598,1,0.5,0.5,0.665332775,0.5,0.777777778
1491,2,3,1991,1.396606795,2,10,346010.9498,,,0.21975089,0.25,1,0.569444444,0.198639307,1,1
4642,4,1,1966,0.702326487,1,10,915441.1798,,,0.920596085,0.75,0,0.222222222,0.043778176,0.5,1
4864,2,2,1997,1.068604166,2,2,988325.4879,,,0.96997331,0.25,0.5,0.652777778,0.125477419,1,0.111111111
4965,5,2,1977,3.031498406,2,2,1075864.281,,,0.992437722,1,0.5,0.375,0.563306373,1,0.111111111
1135,5,2,1990,3.94322148,1,5,329218.5249,,,0.140569395,1,0.5,0.555555556,0.766668709,0.5,0.444444444
2193,4,1,1996,4.731886433,0,6,530004.3428,,,0.37588968,0.75,0,0.638888889,0.942582594,0,0.555555556
2182,2,1,1967,0.571204274,1,2,408013.5791,,,0.37344306,0.25,0,0.236111111,0.014531006,0.5,0.111111111
619,5,1,2020,2.852420637,2,5,224507.2001,,,0.025800712,1,0,0.972222222,0.523362584,1,0.444444444
1330,3,3,1962,2.618903103,1,7,300656.0791,,,0.183941281,0.5,1,0.166666667,0.471275857,0.5,0.666666667
4175,1,3,1962,3.452247599,1,10,848824.7743,,,0.816725979,0,1,0.166666667,0.657155636,0.5,1
1869,1,1,1980,3.018104845,2,10,396681.2861,,,0.303825623,0,0,0.416666667,0.560318902,1,1
1240,1,2,1951,3.591676178,0,8,262398.446,,,0.163923488,0,0.5,0.013888889,0.688255564,0,0.777777778
616,2,3,1965,3.461371631,1,7,180393.6281,,,0.025133452,0.25,1,0.208333333,0.659190777,0.5,0.666666667
3338,4,1,1958,1.026552762,2,8,671803.9439,,,0.630560498,0.75,0,0.111111111,0.116097738,1,0.777777778
1650,5,2,2022,4.098730611,2,9,474045.8427,,,0.255115658,1,0.5,1,0.801355449,1,0.888888889
2431,3,3,1987,1.054546591,1,5,505877.5982,,,0.428825623,0.5,1,0.513888889,0.122341838,0.5,0.444444444
1512,3,2,2003,3.643387813,0,5,389645.3296,,,0.224421708,0.5,0.5,0.736111111,0.699789986,0,0.444444444
2164,2,2,2005,2.372654154,1,10,483350.3282,,,0.369439502,0.25,0.5,0.763888889,0.416349352,0.5,1
1581,1,2,1994,2.812328306,0,4,358458.3808,,,0.239768683,0,0.5,0.611111111,0.51441988,0,0.333333333
1012,2,2,1983,4.564841065,0,9,264395.0918,,,0.113211744,0.25,0.5,0.458333333,0.905322666,0,0.888888889
3349,4,3,1958,4.504476769,0,5,749571.2916,,,0.633007117,0.75,1,0.111111111,0.891858244,0,0.444444444
1059,4,3,1957,4.180353375,0,2,263760.9441,,,0.12366548,0.75,1,0.097222222,0.81956163,0,0.111111111
4172,5,3,1956,2.795667712,1,10,894611.0787,,,0.816058719,1,1,0.083333333,0.510703688,0.5,1
3843,5,1,1985,3.813079146,2,8,853001.1126,,,0.742882562,1,0,0.486111111,0.737640104,1,0.777777778
4570,4,3,1967,2.80803675,2,7,972537.4965,,,0.904581851,0.75,1,0.236111111,0.513462636,1,0.666666667
1970,4,2,1952,4.413227371,2,8,453359.8716,,,0.326290036,0.75,0.5,0.027777778,0.871504815,1,0.777777778
1080,4,3,1977,2.31249125,2,3,270230.6377,,,0.128336299,0.75,1,0.375,0.402929851,1,0.222222222
2794,2,2,2019,4.86605905,2,4,673649.8961,,,0.509564057,0.25,0.5,0.958333333,0.972510165,1,0.333333333
3647,4,1,1993,4.695452412,2,5,827205.304,,,0.699288256,0.75,0,0.597222222,0.934455886,1,0.444444444
4749,3,2,1970,3.837211788,1,6,1007770.579,,,0.944395018,0.5,0.5,0.277777778,0.743022956,0.5,0.555555556
2179,1,2,1977,1.757371479,0,1,443005.6236,,,0.372775801,0,0.5,0.375,0.279108861,0,0
4006,4,2,2003,1.09244115,2,4,871566.5627,,,0.779137011,0.75,0.5,0.736111111,0.130794324,1,0.333333333
3244,1,1,2003,4.346165525,1,10,726227.569,,,0.609653025,0,0,0.736111111,0.856546486,0.5,1
3856,2,3,2014,1.243860288,2,5,824351.6711,,,0.745774021,0.25,1,0.888888889,0.164568779,1,0.444444444
4545,1,3,1970,4.34417355,2,7,973850.3283,,,0.899021352,0,1,0.277777778,0.856102171,1,0.666666667
1743,2,1,1962,2.70844253,0,5,344363.2737,,,0.275800712,0.25,0,0.166666667,0.491247872,0,0.444444444
3618,3,2,2006,2.329505527,0,1,793421.1418,,,0.692838078,0.5,0.5,0.777777778,0.406724932,0,0
2641,2,3,1998,4.564358505,0,7,621862.7654,,,0.475533808,0.25,1,0.666666667,0.90521503,0,0.666666667
3559,2,1,2003,3.217329421,2,8,758946.7724,,,0.679715302,0.25,0,0.736111111,0.604756491,1,0.777777778
3459,5,3,1959,3.094763032,2,7,759151.2379,,,0.65747331,1,1,0.125,0.577417721,1,0.666666667
2765,4,1,2002,3.014446751,2,4,630531.7401,,,0.503113879,0.75,0,0.722222222,0.559502954,1,0.333333333
2979,4,2,1993,2.170262822,0,8,646766.2898,,,0.550711744,0.75,0.5,0.597222222,0.371205409,0,0.777777778
2135,3,3,1996,4.035393966,1,5,533039.4328,,,0.362989324,0.5,1,0.638888889,0.787228036,0.5,0.444444444
2257,3,1,2002,1.637592998,2,10,496427.1036,,,0.390124555,0.5,0,0.722222222,0.252391942,1,1
4952,4,3,1995,4.72502732,2,9,1099211.641,,,0.989546263,0.75,1,0.625,0.94105265,1,0.888888889
2570,5,3,1962,4.522933423,2,10,605600.9507,,,0.459741993,1,1,0.166666667,0.895975051,1,1
3349,4,3,1986,2.018661466,1,5,738935.8194,,,0.633007117,0.75,1,0.5,0.33739031,0.5,0.444444444
3751,5,3,1973,3.782586964,2,1,839522.3186,,,0.722419929,1,1,0.319444444,0.730838739,1,0
4230,3,1,1951,3.079504375,1,9,874856.2711,,,0.828959075,0.5,0,0.013888889,0.574014236,0.5,0.888888889
2989,1,2,1963,2.019421859,2,5,609401.0845,,,0.552935943,0,0.5,0.180555556,0.337559918,1,0.444444444
2131,3,1,1959,4.948347416,1,6,457643.098,,,0.362099644,0.5,0,0.125,0.990864811,0.5,0.555555556
3316,3,1,1984,0.613568056,2,4,676108.8512,,,0.62566726,0.5,0,0.472222222,0.023980365,1,0.333333333
1515,2,1,1974,1.636907138,0,6,300935.1861,,,0.225088968,0.25,0,0.333333333,0.252238958,0,0.555555556
1848,2,2,1952,2.840333275,0,8,381998.6087,,,0.299154804,0.25,0.5,0.027777778,0.520666465,0,0.777777778
3587,2,3,1966,2.848788516,0,3,720883.6572,,,0.68594306,0.25,1,0.222222222,0.52255243,0,0.222222222
3339,2,3,1961,3.150198837,0,5,722543.0796,,,0.630782918,0.25,1,0.152777778,0.58978283,0,0.444444444
835,5,3,2003,3.882542774,2,2,294548.4026,,,0.073843416,1,1,0.736111111,0.753134157,1,0.111111111
1395,4,2,1973,3.305650237,0,2,336073.5216,,,0.198398577,0.75,0.5,0.319444444,0.624456692,0,0.111111111
4046,1,3,1978,3.201266572,1,7,863034.6757,,,0.788033808,0,1,0.388888889,0.601173629,0.5,0.666666667
1351,3,2,1992,0.740815083,0,10,319748.7668,,,0.1886121,0.5,0.5,0.583333333,0.052363164,0,1
2187,5,3,1974,2.194386295,0,10,504023.2609,,,0.37455516,1,1,0.333333333,0.376586216,0,1
2431,1,3,2009,1.544250829,0,10,538851.8934,,,0.428825623,0,1,0.819444444,0.231571714,0,1
4246,5,1,2014,1.694165502,2,6,934919.3828,,,0.832517794,1,0,0.888888889,0.265010594,1,0.555555556
2927,5,2,1977,2.994518635,0,4,648902.522,,,0.539145907,1,0.5,0.375,0.555057933,0,0.333333333
2068,3,1,1965,1.397773917,1,5,414808.6543,,,0.348087189,0.5,0,0.208333333,0.198899637,0.5,0.444444444
4500,4,1,1996,1.822770955,0,1,940080.4444,,,0.889012456,0.75,0,0.638888889,0.293696394,0,0
3238,2,1,2007,1.566881188,0,7,676233.0768,,,0.608318505,0.25,0,0.791666667,0.236619478,0,0.666666667
3998,4,2,1976,4.768263244,0,8,866618.389,,,0.777357651,0.75,0.5,0.361111111,0.950696542,0,0.777777778
4413,3,2,2002,4.750995795,1,9,983106.2224,,,0.869661922,0.5,0.5,0.722222222,0.94684499,0.5,0.888888889
1566,3,3,1991,3.244737014,0,8,367024.3794,,,0.236432384,0.5,1,0.569444444,0.61086983,0,0.777777778
4880,3,1,2008,4.660351109,1,5,1075814.432,,,0.973532028,0.5,0,0.805555556,0.926626444,0.5,0.444444444
2944,1,3,1996,4.036156905,1,3,660979.0475,,,0.542927046,0,1,0.638888889,0.787398211,0.5,0.222222222
4607,4,1,1983,3.154765473,0,10,978190.8351,,,0.912811388,0.75,0,0.458333333,0.590801431,0,1
3873,4,2,1986,0.528958452,1,9,801313.0611,,,0.74955516,0.75,0.5,0.5,0.00510796,0.5,0.888888889
4469,5,2,1955,3.976323287,2,6,992213.453,,,0.882117438,1,0.5,0.069444444,0.774052159,1,0.555555556
3046,5,2,1956,3.661197537,0,5,676719.1221,,,0.565613879,1,0.5,0.083333333,0.703762494,0,0.444444444
1253,5,1,1974,3.26864144,0,3,296184.1966,,,0.166814947,1,0,0.333333333,0.616201778,0,0.222222222
2582,3,2,1982,3.921909403,1,6,587557.3219,,,0.462411032,0.5,0.5,0.444444444,0.761914992,0.5,0.555555556
3274,4,1,2004,2.808149741,1,3,724842.1847,,,0.616325623,0.75,0,0.75,0.513487839,0.5,0.222222222
3396,3,3,2007,3.668374721,0,10,762080.8235,,,0.643460854,0.5,1,0.791666667,0.705363385,0,1
4685,1,1,1956,4.70827439,2,6,955223.3951,,,0.930160142,0,0,0.083333333,0.937315863,1,0.555555556
1275,5,3,2006,2.191122571,1,4,354189.0055,,,0.171708185,1,1,0.777777778,0.375858234,0.5,0.333333333
2125,3,1,1961,3.686548257,1,2,454484.4215,,,0.360765125,0.5,0,0.152777778,0.709417042,0.5,0.111111111
3569,3,3,1965,2.640595181,2,8,769087.188,,,0.681939502,0.5,1,0.208333333,0.476114334,1,0.777777778
917,1,2,1992,3.534798433,2,4,251359.7986,,,0.092081851,0,0.5,0.583333333,0.675568827,1,0.333333333
614,2,3,1956,3.93302001,0,9,172534.444,,,0.024688612,0.25,1,0.083333333,0.764393244,0,0.888888889
1116,4,2,2000,0.704536252,2,7,268244.1761,,,0.136343416,0.75,0.5,0.694444444,0.044271071,1,0.666666667
4474,2,2,2022,3.409701998,0,2,985699.1861,,,0.883229537,0.25,0.5,1,0.647665723,0,0.111111111
3767,5,3,1981,1.52033533,2,4,824529.5721,,,0.725978648,1,1,0.430555556,0.226237296,1,0.333333333
1325,3,1,1957,3.51514642,1,5,289985.4146,,,0.182829181,0.5,0,0.097222222,0.671185391,0.5,0.444444444
2016,1,1,2021,2.607485837,0,3,450594.568,,,0.336521352,0,0,0.986111111,0.468729204,0,0.222222222
3646,1,1,1994,3.980987338,0,9,794010.0167,,,0.699065836,0,0,0.611111111,0.775092488,0,0.888888889
912,4,1,2008,1.055303668,0,5,233504.5138,,,0.090969751,0.75,0,0.805555556,0.122510707,0,0.444444444
1228,2,1,1953,3.318450582,2,2,269736.4362,,,0.161254448,0.25,0,0.041666667,0.627311844,1,0.111111111
3848,4,2,2016,1.75311828,1,3,841676.0141,,,0.743994662,0.75,0.5,0.916666667,0.278160173,0.5,0.222222222
3308,3,1,1978,4.338418979,0,9,707483.44,,,0.6238879,0.5,0,0.388888889,0.854818598,0,0.888888889
1175,4,2,1978,4.677725775,0,7,310471.3889,,,0.149466192,0.75,0.5,0.388888889,0.930501911,0,0.666666667
3965,1,2,1977,4.983792322,0,2,846516.6709,,,0.770017794,0,0.5,0.375,0.998770895,0,0.111111111
3004,1,2,1993,4.082033311,0,9,647388.2996,,,0.556272242,0,0.5,0.597222222,0.79763107,0,0.888888889
3467,5,3,1953,3.891803317,1,4,760678.6017,,,0.659252669,1,1,0.041666667,0.755199747,0.5,0.333333333
3286,5,3,1958,1.469753415,2,9,681361.2493,,,0.618994662,1,1,0.111111111,0.214954861,1,0.888888889
1622,3,2,1954,2.012031765,1,2,325380.0023,,,0.2488879,0.5,0.5,0.055555556,0.335911537,0.5,0.111111111
4579,2,3,2005,2.595571438,0,10,987442.6841,,,0.90658363,0.25,1,0.763888889,0.466071665,0,1
2071,4,1,1999,3.980214715,1,4,508941.1259,,,0.348754448,0.75,0,0.680555556,0.774920152,0.5,0.333333333
2643,3,1,1964,4.617346393,0,5,572941.4282,,,0.475978648,0.5,0,0.194444444,0.917034124,0,0.444444444
2187,5,2,1981,1.35112595,2,2,481489.2462,,,0.37455516,1,0.5,0.430555556,0.188494679,1,0.111111111
4632,4,1,1977,4.650653681,2,10,997885.7697,,,0.918371886,0.75,0,0.375,0.924463406,1,1
4351,5,2,1971,3.630310936,2,1,944921.9816,,,0.855871886,1,0.5,0.291666667,0.696873153,1,0
3940,4,2,1966,3.248468288,0,7,842172.2092,,,0.764457295,0.75,0.5,0.222222222,0.611702101,0,0.666666667
4266,2,1,2008,1.399285721,1,10,901471.7427,,,0.836966192,0.25,0,0.805555556,0.199236849,0.5,1
2826,3,3,2020,0.749862648,2,1,632482.6224,,,0.516681495,0.5,1,0.972222222,0.054381248,1,0
3414,4,1,2006,3.058092043,0,8,748136.4564,,,0.647464413,0.75,0,0.777777778,0.569238157,0,0.777777778
4452,1,1,1975,3.431820575,0,3,914555.745,,,0.878336299,0,0,0.347222222,0.652599333,0,0.222222222
1095,1,2,1974,1.448516522,1,10,214492.3981,,,0.131672598,0,0.5,0.333333333,0.210217914,0.5,1
1228,4,2,1959,3.004052926,2,6,287478.2675,,,0.161254448,0.75,0.5,0.125,0.557184583,1,0.555555556
1865,4,2,1994,4.354220312,0,7,478566.0656,,,0.302935943,0.75,0.5,0.611111111,0.858343128,0,0.666666667
4992,4,2,1960,4.257796755,1,10,1068538.106,,,0.99844306,0.75,0.5,0.138888889,0.836835589,0.5,1
1198,1,3,2002,4.673098313,2,1,334276.2178,,,0.154581851,0,1,0.722222222,0.929469743,1,0
895,1,3,2021,2.146486143,1,6,235478.1021,,,0.087188612,0,1,0.986111111,0.365901956,0.5,0.555555556
4671,4,3,2017,1.931223076,1,7,1028282.312,,,0.927046263,0.75,1,0.930555556,0.317886937,0.5,0.666666667
4860,5,2,1977,3.872417027,0,6,1060712.828,,,0.96908363,1,0.5,0.375,0.750875582,0,0.555555556
3002,5,2,2014,2.440005823,0,4,690243.7507,,,0.555827402,1,0.5,0.888888889,0.431372327,0,0.333333333
2319,2,2,1998,0.893968988,0,1,501720.6757,,,0.403914591,0.25,0.5,0.666666667,0.086524563,0,0
1217,3,3,1996,1.772605088,1,9,314916.5292,,,0.158807829,0.5,1,0.638888889,0.282506759,0.5,0.888888889
3282,5,2,2001,2.383620285,0,4,752791.6326,,,0.618104982,1,0.5,0.708333333,0.418795378,0,0.333333333
4077,1,1,2003,1.816323915,1,7,848697.29,,,0.794928826,0,0,0.736111111,0.292258364,0.5,0.666666667
643,5,1,2009,1.994925069,1,7,213397.793,,,0.03113879,1,0,0.819444444,0.332095842,0.5,0.666666667
3640,2,2,2006,1.821991578,0,2,788471.7466,,,0.697731317,0.25,0.5,0.777777778,0.293522551,0,0.111111111
4991,2,1,1996,0.686746252,2,1,1023975.133,,,0.998220641,0.25,0,0.638888889,0.040302962,1,0
3438,3,1,1980,3.366926154,2,8,738091.5512,,,0.652802491,0.5,0,0.416666667,0.638124454,1,0.777777778
4136,5,3,1995,3.187815892,2,8,926531.81,,,0.808051601,1,1,0.625,0.598173417,1,0.777777778
3722,1,2,1975,3.440225743,1,7,781388.9357,,,0.715969751,0,0.5,0.347222222,0.654474128,0.5,0.666666667
1667,1,2,1954,1.365394532,1,8,302975.3038,,,0.258896797,0,0.5,0.055555556,0.191677326,0.5,0.777777778
3116,4,3,2001,1.830445437,1,3,696224.0924,,,0.581183274,0.75,1,0.708333333,0.295408208,0.5,0.222222222
1562,1,1,2003,3.288271671,0,2,370689.5463,,,0.235542705,0,0,0.736111111,0.620580355,0,0.111111111
2656,3,1,1982,3.198324058,1,7,559262.3224,,,0.478870107,0.5,0,0.444444444,0.600517293,0.5,0.666666667
3482,3,2,1999,2.778486392,0,8,775422.1169,,,0.662588968,0.5,0.5,0.680555556,0.506871348,0,0.777777778
3794,1,1,1987,2.076859625,0,1,783176.6366,,,0.731983986,0,0,0.513888889,0.35037157,0,0
1656,1,3,1976,4.608189521,2,10,392725.1967,,,0.256450178,0,1,0.361111111,0.914991658,1,1
1232,4,3,1964,2.02896609,2,9,297268.3996,,,0.162144128,0.75,1,0.194444444,0.339688785,1,0.888888889
4830,1,2,2010,2.550286204,2,4,1027285.77,,,0.962411032,0,0.5,0.833333333,0.455970669,1,0.333333333
1453,4,3,1970,3.551512239,0,4,367172.5873,,,0.211298932,0.75,1,0.277777778,0.679296887,0,0.333333333
3039,4,3,1995,2.943596439,0,3,697780.778,,,0.56405694,0.75,1,0.625,0.543699597,0,0.222222222
3824,1,2,2018,2.060986894,0,6,802714.0962,,,0.738656584,0,0.5,0.944444444,0.346831113,0,0.555555556
3801,2,3,1955,2.460401557,1,1,783978.6475,,,0.733540925,0.25,1,0.069444444,0.435921651,0.5,0
2042,2,3,1987,4.07516368,0,6,475471.1767,,,0.34230427,0.25,1,0.513888889,0.79609878,0,0.555555556
1691,4,3,2011,1.7515812,2,2,427302.0437,,,0.264234875,0.75,1,0.847222222,0.277817323,1,0.111111111
3493,1,1,2011,1.140148579,2,9,724420.5097,,,0.665035587,0,0,0.847222222,0.141435597,1,0.888888889
3181,2,2,1995,1.909234408,0,2,690319.8868,,,0.595640569,0.25,0.5,0.625,0.312982304,0,0.111111111
1717,1,2,1962,4.32290397,0,7,383644.1777,,,0.270017794,0,0.5,0.166666667,0.851357932,0,0.666666667
2040,1,2,1952,0.900453717,2,1,379109.0941,,,0.341859431,0,0.5,0.027777778,0.087970999,1,0
3736,1,1,1955,4.96263233,0,7,758293.3789,,,0.71908363,0,0,0.069444444,0.994051101,0,0.666666667
2886,5,1,1957,2.934513045,2,5,619360.9694,,,0.53002669,1,0,0.097222222,0.541673522,1,0.444444444
4219,1,2,1993,4.931805848,1,8,923122.1142,,,0.826512456,0,0.5,0.597222222,0.987175169,0.5,0.777777778
1888,5,1,1982,4.725483899,2,4,477884.3169,,,0.308051601,1,0,0.444444444,0.941154492,1,0.333333333
2356,4,2,1999,2.537661714,1,10,558796.254,,,0.412144128,0.75,0.5,0.680555556,0.453154742,0.5,1
1865,2,1,1960,1.393209836,0,7,366797.3448,,,0.302935943,0.25,0,0.138888889,0.197881606,0,0.666666667
999,2,3,1977,1.241981495,0,6,226125.4127,,,0.110320285,0.25,1,0.375,0.164149709,0,0.555555556
2180,2,3,2019,1.579952137,1,5,507967.8361,,,0.372998221,0.25,1,0.958333333,0.239534989,0.5,0.444444444
1010,2,2,1990,3.695596883,0,4,246540.9659,,,0.112766904,0.25,0.5,0.555555556,0.711435363,0,0.333333333
4812,2,1,1965,1.728274976,1,7,961367.1393,,,0.958407473,0.25,0,0.208333333,0.272618806,0.5,0.666666667
1824,2,1,2017,2.036413713,0,5,427947.1031,,,0.293816726,0.25,0,0.930555556,0.341349998,0,0.444444444
1655,2,3,1997,2.519504618,2,5,396277.34,,,0.256227758,0.25,1,0.652777778,0.449104752,1,0.444444444
2327,4,3,2005,4.609547062,0,1,585574.1096,,,0.40569395,0.75,1,0.763888889,0.915294461,0,0
3641,1,1,2013,1.35227038,2,2,763296.5726,,,0.697953737,0,0,0.875,0.188749948,1,0.111111111
3986,3,1,2008,0.522619487,2,5,827741.1738,,,0.774688612,0.5,0,0.805555556,0.003694036,1,0.444444444
2310,5,1,2011,0.770433847,1,3,523323.0671,,,0.401912811,1,0,0.847222222,0.05896971,0.5,0.222222222
3423,3,1,1960,4.571448538,0,2,731262.2025,,,0.649466192,0.5,0,0.138888889,0.906796481,0,0.111111111
2714,3,1,1967,3.413824092,1,4,574450.4842,,,0.491770463,0.5,0,0.236111111,0.648585167,0.5,0.333333333
4686,1,1,1968,1.728682787,0,4,923773.1294,,,0.930382562,0,0,0.25,0.272709769,0,0.333333333
1213,1,2,2004,1.297366255,2,4,269665.8614,,,0.157918149,0,0.5,0.75,0.176503432,1,0.333333333
4102,1,1,1975,1.824200315,2,4,838955.4539,,,0.800489324,0,0,0.347222222,0.294015216,1,0.333333333
4634,2,3,1955,1.016586173,0,3,915104.235,,,0.918816726,0.25,1,0.069444444,0.113874663,0,0.222222222
4022,4,2,1953,4.736898096,0,7,875981.0269,,,0.78269573,0.75,0.5,0.041666667,0.94370046,0,0.666666667
4768,2,1,1978,4.028927785,1,9,1017321.395,,,0.948620996,0.25,0,0.388888889,0.785785736,0.5,0.888888889
1743,4,3,2008,2.580760296,0,5,435500.9448,,,0.275800712,0.75,1,0.805555556,0.462767999,0,0.444444444
4209,4,2,1966,4.392331723,0,4,896600.4885,,,0.824288256,0.75,0.5,0.222222222,0.866843983,0,0.333333333
1581,3,3,1992,1.622561919,0,2,342679.45,,,0.239768683,0.5,1,0.583333333,0.249039218,0,0.111111111
955,3,1,2015,3.727042558,1,2,267185.2676,,,0.100533808,0.5,0,0.902777778,0.718449407,0.5,0.111111111
1394,4,1,1983,4.352596246,0,5,338350.5954,,,0.198176157,0.75,0,0.458333333,0.857980876,0,0.444444444
1884,4,1,1957,2.105459202,2,7,414166.5843,,,0.307161922,0.75,0,0.097222222,0.356750784,1,0.666666667
2458,2,1,1962,3.908590005,1,10,523387.0959,,,0.434830961,0.25,0,0.166666667,0.758944064,0.5,1
3572,2,2,1957,1.827825572,1,10,720713.4288,,,0.682606762,0.25,0.5,0.097222222,0.29482384,0.5,1
2496,3,2,2014,1.844857109,2,9,551668.6465,,,0.443282918,0.5,0.5,0.888888889,0.298622771,1,0.888888889
4785,1,3,1992,0.981757303,2,7,972746.6953,,,0.952402135,0,1,0.583333333,0.106105988,1,0.666666667
1004,4,1,1988,2.480261209,2,5,269874.7159,,,0.111432384,0.75,0,0.527777778,0.440351401,1,0.444444444
1714,2,3,2008,3.783703579,0,10,431423.2948,,,0.269350534,0.25,1,0.805555556,0.731087803,0,1
2031,3,2,1993,4.730993625,2,10,501692.8516,,,0.339857651,0.5,0.5,0.597222222,0.942383451,1,1
3940,2,1,1958,3.217086464,0,10,804904.7205,,,0.764457295,0.25,0,0.111111111,0.604702299,0,1
1323,4,1,1986,4.38410992,1,6,362719.6269,,,0.182384342,0.75,0,0.5,0.865010087,0.5,0.555555556
1428,4,2,1985,4.201225922,1,3,369407.9642,,,0.205738434,0.75,0.5,0.486111111,0.824217309,0.5,0.222222222
633,5,2,1977,1.280043738,2,5,176494.3541,,,0.028914591,1,0.5,0.375,0.172639597,1,0.444444444
2605,1,2,1991,2.68617843,0,8,557218.6456,,,0.46752669,0,0.5,0.569444444,0.486281803,0,0.777777778
4127,5,2,1992,1.02615591,2,1,909713.435,,,0.806049822,1,0.5,0.583333333,0.116009219,1,0
2352,3,2,1991,3.569689227,2,1,526951.7758,,,0.411254448,0.5,0.5,0.569444444,0.683351314,1,0
4675,2,1,2015,4.774548507,0,7,1033450.458,,,0.927935943,0.25,0,0.902777778,0.952098487,0,0.666666667
3433,3,2,2004,1.116902561,2,5,739205.5159,,,0.651690391,0.5,0.5,0.75,0.136250509,1,0.444444444
3784,4,1,2021,3.802474089,1,5,870504.8286,,,0.729759786,0.75,0,0.986111111,0.735274617,0.5,0.444444444
4798,5,1,1997,3.345071679,2,1,1045202.35,,,0.955293594,1,0,0.652777778,0.633249753,1,0
3311,5,2,1971,3.126222667,0,9,722603.6897,,,0.62455516,1,0.5,0.291666667,0.584434879,0,0.888888889
1750,5,2,1976,2.255541056,0,1,409947.2216,,,0.277357651,1,0.5,0.361111111,0.390226954,0,0
4012,3,1,2016,2.098092415,1,5,901000.4882,,,0.78047153,0.5,0,0.916666667,0.355107602,0.5,0.444444444
1756,4,2,1962,0.703621351,0,10,364834.6822,,,0.278692171,0.75,0.5,0.166666667,0.044066999,0,1
3876,2,2,1994,1.480589187,0,9,795928.1818,,,0.75022242,0.25,0.5,0.611111111,0.21737181,0,0.888888889
3986,2,2,1959,0.56829597,1,4,778486.8427,,,0.774688612,0.25,0.5,0.125,0.013882301,0.5,0.333333333
4084,3,3,1958,3.116376975,2,8,858011.5135,,,0.796485765,0.5,1,0.111111111,0.582238771,1,0.777777778
1896,5,1,2003,0.976339561,1,6,418888.6617,,,0.309830961,1,0,0.736111111,0.104897546,0.5,0.555555556
4137,1,3,1976,4.428587273,2,3,887527.9072,,,0.808274021,0,1,0.361111111,0.874930883,1,0.222222222
3830,3,2,1983,2.854143593,1,4,827140.4447,,,0.739991103,0.5,0.5,0.458333333,0.523746894,0.5,0.333333333
3203,3,3,1950,3.648604591,2,2,673586.7477,,,0.600533808,0.5,1,0,0.700953603,1,0.111111111
970,4,2,1981,2.348856913,1,1,258717.6802,,,0.103870107,0.75,0.5,0.430555556,0.411041312,0.5,0
1853,2,3,2020,3.022609141,2,8,471816.8853,,,0.300266904,0.25,1,0.972222222,0.561323598,1,0.777777778
3283,3,2,2016,4.741966296,1,1,764387.1612,,,0.618327402,0.5,0.5,0.916666667,0.944830936,0.5,0
3331,3,3,1969,0.872303178,2,1,687869.2513,,,0.629003559,0.5,1,0.263888889,0.081691944,1,0
857,5,3,1984,1.642719974,1,4,252024.0177,,,0.078736655,1,1,0.472222222,0.253535527,0.5,0.333333333
3519,5,3,1966,4.009947471,0,10,788284.6902,,,0.670818505,1,1,0.222222222,0.781552125,0,1
1167,1,1,1967,0.944317431,2,10,219652.598,,,0.147686833,0,0,0.236111111,0.097754921,1,1
4968,4,3,1994,0.840474968,1,6,1043830.291,,,0.993104982,0.75,1,0.611111111,0.074592575,0.5,0.555555556
1645,1,1,2002,2.126936294,2,9,368670.1351,,,0.254003559,0,0,0.722222222,0.361541308,1,0.888888889
4685,5,2,2017,0.914755813,2,1,1015603.702,,,0.930160142,1,0.5,0.930555556,0.091161121,1,0
4219,2,3,2014,3.13285299,1,7,909745.2998,,,0.826512456,0.25,1,0.888888889,0.585913791,0.5,0.666666667
3245,5,2,1950,1.518238629,2,10,695195.3585,,,0.609875445,1,0.5,0,0.225769621,1,1
1039,4,2,2007,4.530640834,1,5,322312.8625,,,0.119217082,0.75,0.5,0.791666667,0.897694211,0.5,0.444444444
3279,5,3,1975,4.025750364,0,8,746167.7281,,,0.617437722,1,1,0.347222222,0.785077004,0,0.777777778
4636,4,1,1969,3.648673427,2,7,985351.0239,,,0.919261566,0.75,0,0.263888889,0.700968957,1,0.666666667
4275,4,3,1959,3.276248123,0,4,896792.5538,,,0.838967972,0.75,1,0.125,0.61789847,0,0.333333333
3008,4,2,2008,4.385595787,2,4,716524.692,,,0.557161922,0.75,0.5,0.805555556,0.865341514,1,0.333333333
3279,4,2,1990,1.503779277,2,6,695362.7415,,,0.617437722,0.75,0.5,0.555555556,0.222544423,1,0.555555556
1424,4,3,1954,4.428989792,2,6,379005.7119,,,0.204848754,0.75,1,0.055555556,0.875020666,1,0.555555556
3456,2,1,2014,4.052715343,1,9,763645.6102,,,0.65680605,0.25,0,0.888888889,0.791091617,0.5,0.888888889
2081,1,1,1966,3.866723719,0,5,424881.1929,,,0.350978648,0,0,0.222222222,0.749605674,0,0.444444444
3824,3,2,1971,3.025650551,2,8,809782.1662,,,0.738656584,0.5,0.5,0.291666667,0.562001993,1,0.777777778
4985,1,2,1990,1.608098724,1,5,1032002.238,,,0.996886121,0,0.5,0.555555556,0.245813163,0.5,0.444444444
755,4,1,2017,2.405965622,2,2,239234.5743,,,0.056049822,0.75,0,0.930555556,0.423779567,1,0.111111111
2338,2,3,2018,4.071067945,1,6,560304.6612,,,0.408140569,0.25,1,0.944444444,0.795185215,0.5,0.555555556
2444,5,2,1960,0.64300318,2,9,523988.4313,,,0.431717082,1,0.5,0.138888889,0.03054595,1,0.888888889
509,2,1,2005,4.019228462,0,3,179398.4332,,,0.00133452,0.25,0,0.763888889,0.783622276,0,0.222222222
3371,4,2,2000,1.580318332,0,1,736289.1246,,,0.637900356,0.75,0.5,0.694444444,0.23961667,0,0
1297,2,3,1970,1.149391403,2,1,284798.2135,,,0.176601423,0.25,1,0.277777778,0.143497234,1,0
1515,2,1,1975,1.020655932,1,3,327253.458,,,0.225088968,0.25,0,0.347222222,0.114782434,0.5,0.222222222
2324,4,2,1968,0.622625054,2,10,506990.3248,,,0.40502669,0.75,0.5,0.25,0.026000553,1,1
4969,2,3,2009,2.856139183,1,5,1064774.934,,,0.993327402,0.25,1,0.819444444,0.524192016,0.5,0.444444444
3636,3,2,2020,1.482169427,2,3,818671.3913,,,0.696841637,0.5,0.5,0.972222222,0.217724287,1,0.222222222
2693,3,3,1996,4.952442946,1,9,648718.3261,,,0.487099644,0.5,1,0.638888889,0.991778331,0.5,0.888888889
723,2,3,2020,3.084965401,0,8,236865.4392,,,0.048932384,0.25,1,0.972222222,0.575232333,0,0.777777778
4658,5,1,1975,1.120483712,2,3,951484.5474,,,0.924154804,1,0,0.347222222,0.137049294,1,0.222222222
4425,4,3,1989,3.599431434,0,9,967287.6139,,,0.872330961,0.75,1,0.541666667,0.689985395,0,0.888888889
4500,3,2,1954,4.539846049,0,6,936969.4548,,,0.889012456,0.5,0.5,0.055555556,0.899747459,0,0.555555556
2133,5,3,1970,3.853307729,2,7,523680.2041,,,0.362544484,1,1,0.277777778,0.7466132,1,0.666666667
2652,2,3,1953,0.843979375,2,4,537770.4956,,,0.477980427,0.25,1,0.041666667,0.075374242,1,0.333333333
1010,5,1,1972,4.531478815,1,4,261227.3187,,,0.112766904,1,0,0.305555556,0.897881125,0.5,0.333333333
884,1,3,1964,4.072682236,1,2,217669.8849,,,0.084741993,0,1,0.194444444,0.795545287,0.5,0.111111111
904,3,3,1957,1.21236755,0,5,198204.1283,,,0.089190391,0.5,1,0.097222222,0.157544237,0,0.444444444
2500,2,2,1990,0.733036499,1,8,517128.7579,,,0.444172598,0.25,0.5,0.555555556,0.050628129,0.5,0.777777778
3256,4,1,1968,3.007897589,1,7,701609.1003,,,0.612322064,0.75,0,0.25,0.558042146,0.5,0.666666667
2168,2,1,1995,1.202161151,2,7,465144.0719,,,0.370329181,0.25,0,0.625,0.155267672,1,0.666666667
1960,4,1,1977,4.255659287,1,6,466251.4916,,,0.324065836,0.75,0,0.375,0.836358821,0.5,0.555555556
4136,2,3,2017,2.112505955,0,3,894174.4395,,,0.808051601,0.25,1,0.930555556,0.358322581,0,0.222222222
3224,5,1,1964,4.608016001,1,5,705754.432,,,0.605204626,1,0,0.194444444,0.914952954,0.5,0.444444444
4678,5,3,1986,3.045596775,0,1,1007068.65,,,0.928603203,1,1,0.5,0.566451053,0,0
2548,5,3,1950,1.322025729,2,7,547523.9111,,,0.454848754,1,1,0,0.182003795,1,0.666666667
4646,1,2,2016,1.128194903,0,9,965317.5061,,,0.921485765,0,0.5,0.916666667,0.138769297,0,0.888888889
1216,4,2,1973,3.094125969,1,1,299226.7671,,,0.158585409,0.75,0.5,0.319444444,0.577275623,0.5,0
2323,5,2,1976,3.928476253,2,2,548288.2434,,,0.40480427,1,0.5,0.361111111,0.763379746,1,0.111111111
2581,1,2,1989,4.016775415,1,3,570399.7428,,,0.462188612,0,0.5,0.541666667,0.783075117,0.5,0.222222222
3919,4,2,2012,1.74090832,2,3,875382.7427,,,0.759786477,0.75,0.5,0.861111111,0.275436708,1,0.222222222
2074,2,3,2010,1.419110415,2,8,473734.2154,,,0.349421708,0.25,1,0.833333333,0.203658801,1,0.777777778
749,1,3,1985,0.57540337,1,7,146020.4034,,,0.054715302,0,1,0.486111111,0.015467626,0.5,0.666666667
1173,3,1,1973,3.55639618,1,6,288382.4605,,,0.149021352,0.5,0,0.319444444,0.680386264,0.5,0.555555556
2665,1,3,1973,0.844557163,2,10,537619.5908,,,0.480871886,0,1,0.319444444,0.075503119,1,1
1270,1,3,1953,2.393425408,2,10,264215.3398,,,0.170596085,0,1,0.041666667,0.420982437,1,1
4462,4,2,2016,3.207569738,1,4,1010589.329,,,0.880560498,0.75,0.5,0.916666667,0.602579567,0.5,0.333333333
4863,2,3,1983,4.716990252,0,9,1047149.248,,,0.96975089,0.25,1,0.458333333,0.93925996,0,0.888888889
2484,3,2,2006,1.903109616,1,1,562238.481,,,0.440613879,0.5,0.5,0.777777778,0.311616153,0.5,0
1577,5,1,1998,1.623974731,2,2,370970.3861,,,0.238879004,1,0,0.666666667,0.24935435,1,0.111111111
735,5,1,2002,3.443720694,1,4,238459.1159,,,0.051601423,1,0,0.722222222,0.655253687,0.5,0.333333333
888,1,3,1972,3.286575644,0,3,215993.8951,,,0.085631673,0,1,0.305555556,0.620202052,0,0.222222222
3537,4,1,2018,1.994494025,1,1,769763.673,,,0.674822064,0.75,0,0.944444444,0.331999696,0.5,0
2348,4,3,2002,4.67645826,2,5,594755.3248,,,0.410364769,0.75,1,0.722222222,0.930219188,1,0.444444444
3314,5,1,2011,4.301880474,1,7,779336.1178,,,0.62522242,1,0,0.847222222,0.846668584,0.5,0.666666667
3874,3,2,1990,1.507921456,2,2,820831.6964,,,0.74977758,0.5,0.5,0.555555556,0.223468348,1,0.111111111
3778,2,2,2006,1.576141454,2,5,818613.7108,,,0.728425267,0.25,0.5,0.777777778,0.238685006,1,0.444444444
1752,3,2,2009,2.805351561,1,6,432824.6586,,,0.277802491,0.5,0.5,0.819444444,0.512863698,0.5,0.555555556
4481,2,2,2003,3.981074458,2,7,996696.8359,,,0.884786477,0.25,0.5,0.736111111,0.77511192,1,0.666666667
2622,5,3,2019,0.698181707,2,1,604936.8305,,,0.471307829,1,1,0.958333333,0.042853672,1,0
2650,2,1,2006,3.620008192,0,7,596659.3685,,,0.477535587,0.25,0,0.777777778,0.694575098,0,0.666666667
1829,4,3,1959,3.417061538,0,4,417900.5909,,,0.294928826,0.75,1,0.125,0.649307289,0,0.333333333
1858,1,2,1989,1.541660432,0,8,376032.3615,,,0.301379004,0,0.5,0.541666667,0.230993919,0,0.777777778
2982,1,3,1956,3.56608856,0,4,626454.2784,,,0.551379004,0,1,0.083333333,0.682548175,0,0.333333333
2517,5,1,1987,4.730824361,2,6,629609.0985,,,0.447953737,1,0,0.513888889,0.942345696,1,0.555555556
1831,4,3,2010,0.710536302,1,9,432687.9838,,,0.295373665,0.75,1,0.833333333,0.045609398,0.5,0.888888889
4844,3,1,1952,1.938434249,2,5,979926.7246,,,0.965524911,0.5,0,0.027777778,0.319495409,1,0.444444444
4761,4,3,2000,2.471795225,2,4,1041122.113,,,0.947064057,0.75,1,0.694444444,0.43846304,1,0.333333333
1858,1,1,1996,4.546671615,2,8,433664.2275,,,0.301379004,0,0,0.638888889,0.90126992,1,0.777777778
3677,1,1,2017,4.83017651,1,9,806645.0449,,,0.705960854,0,0,0.930555556,0.964506466,0.5,0.888888889
2628,4,2,1987,2.498518609,0,4,576020.0443,,,0.472642349,0.75,0.5,0.513888889,0.444423765,0,0.333333333
2680,4,1,1985,3.875127855,2,3,600207.334,,,0.484208185,0.75,0,0.486111111,0.751480239,1,0.222222222
637,1,2,1990,2.892474607,2,8,190828.1399,,,0.02980427,0,0.5,0.555555556,0.532296732,1,0.777777778
3972,3,2,2018,2.920023206,0,5,878049.2512,,,0.771574733,0.5,0.5,0.944444444,0.538441523,0,0.444444444
3332,5,2,1962,1.751447818,2,2,704212.524,,,0.629225979,1,0.5,0.166666667,0.277787572,1,0.111111111
4079,5,3,2007,1.476303106,1,10,909836.0848,,,0.795373665,1,1,0.791666667,0.216415788,0.5,1
3531,4,3,1999,1.796024057,2,9,771922.8498,,,0.673487544,0.75,1,0.680555556,0.287730424,1,0.888888889
4664,5,3,1979,3.003476033,2,3,1010183.5,,,0.925489324,1,1,0.402777778,0.557055905,1,0.222222222
3093,1,3,2011,0.631198337,0,2,650748.6977,,,0.576067616,0,1,0.847222222,0.027912847,0,0.111111111
4800,1,1,1974,4.58262025,2,1,1018026.994,,,0.955738434,0,0,0.333333333,0.909288362,1,0
4318,4,1,1976,1.203276693,2,8,897666.0008,,,0.848532028,0.75,0,0.361111111,0.155516496,1,0.777777778
4638,4,3,2000,1.490399046,1,3,998439.2371,,,0.919706406,0.75,1,0.694444444,0.219559926,0.5,0.222222222
4323,4,1,2006,2.832242794,0,7,938864.8193,,,0.849644128,0.75,0,0.777777778,0.518861861,0,0.666666667
4542,3,1,1996,3.695516449,0,1,978835.1053,,,0.898354093,0.5,0,0.638888889,0.711417422,0,0
2406,5,2,1988,0.930780746,1,1,533178.2402,,,0.423265125,1,0.5,0.527777778,0.094735527,0.5,0
1260,4,2,1965,1.929626139,2,9,278644.6693,,,0.168371886,0.75,0.5,0.208333333,0.317530736,1,0.888888889
3945,2,2,1971,4.859035725,0,8,846346.3281,,,0.765569395,0.25,0.5,0.291666667,0.970943593,0,0.777777778
1399,2,2,2003,1.680543351,0,3,310271.2637,,,0.199288256,0.25,0.5,0.736111111,0.261972136,0,0.222222222
4955,1,1,1970,1.908725653,2,6,995441.7102,,,0.990213523,0,0,0.277777778,0.312868825,1,0.555555556
3447,5,3,2021,4.264243208,2,3,830557.1687,,,0.65480427,1,1,0.986111111,0.838273488,1,0.222222222
2219,4,1,1965,0.725964943,0,4,470083.2904,,,0.381672598,0.75,0,0.208333333,0.049050799,0,0.333333333
780,2,1,2008,2.59075926,2,1,217462.4451,,,0.06161032,0.25,0,0.805555556,0.464998295,1,0
3766,5,1,1980,2.20827544,0,5,787281.7359,,,0.725756228,1,0,0.416666667,0.379684228,0,0.444444444
2387,1,2,1991,1.92464042,2,1,508927.8042,,,0.419039146,0,0.5,0.569444444,0.316418658,1,0
3766,3,2,1981,1.785648173,2,1,799178.3101,,,0.725756228,0.5,0.5,0.430555556,0.285416055,1,0
1166,5,2,2008,0.911183472,1,10,319601.3915,,,0.147464413,1,0.5,0.805555556,0.090364301,0.5,1
4688,5,3,1983,1.916716232,2,7,1004456.219,,,0.930827402,1,1,0.458333333,0.314651146,1,0.666666667
1171,3,1,1958,0.693735812,1,6,206781.7574,,,0.148576512,0.5,0,0.111111111,0.041862003,0.5,0.555555556
2469,5,3,1960,4.014337386,2,2,583183.4309,,,0.43727758,1,1,0.138888889,0.782531308,1,0.111111111
4656,1,2,1959,2.292025073,0,2,913774.389,,,0.923709964,0,0.5,0.125,0.398364814,0,0.111111111
3622,1,3,1966,2.497567245,0,7,734501.9543,,,0.693727758,0,1,0.222222222,0.44421156,0,0.666666667
4400,3,1,2017,4.521175639,2,1,987241.4297,,,0.866770463,0.5,0,0.930555556,0.895582973,1,0
1023,4,1,1997,3.461247427,2,2,287822.3769,,,0.115658363,0.75,0,0.652777778,0.659163073,1,0.111111111
2893,2,2,2001,0.536265965,0,8,607535.634,,,0.53158363,0.25,0.5,0.708333333,0.006737921,0,0.777777778
3617,4,2,1974,4.744286703,2,6,804727.9577,,,0.692615658,0.75,0.5,0.333333333,0.945348509,1,0.555555556
3093,5,3,1970,1.567150097,1,2,665369.9589,,,0.576067616,1,1,0.277777778,0.236679459,0.5,0.111111111
2468,2,2,2014,0.984263831,1,7,540221.2539,,,0.43705516,0.25,0.5,0.888888889,0.106665076,0.5,0.666666667
2253,3,2,2012,3.956576803,1,4,551444.6316,,,0.389234875,0.5,0.5,0.861111111,0.769647651,0.5,0.333333333
2796,3,1,2000,2.752147921,1,2,621460.4906,,,0.510008897,0.5,0,0.694444444,0.50099648,0.5,0.111111111
2761,2,2,1985,2.451967547,1,6,596339.571,,,0.502224199,0.25,0.5,0.486111111,0.434040422,0.5,0.555555556
2786,1,2,2015,1.622763859,2,9,617979.853,,,0.507784698,0,0.5,0.902777778,0.249084261,1,0.888888889
4702,2,1,1964,2.963621704,2,9,967780.6667,,,0.933941281,0.25,0,0.194444444,0.548166288,1,0.888888889
3378,5,1,1988,1.734730723,1,8,734156.8161,,,0.639457295,1,0,0.527777778,0.274058778,0.5,0.777777778
4643,1,3,2019,4.557123524,2,3,1021134.621,,,0.920818505,0,1,0.958333333,0.903601247,1,0.222222222
4144,3,2,1950,1.468420159,2,3,834328.5794,,,0.809830961,0.5,0.5,0,0.214657475,1,0.222222222
4932,2,1,1972,4.479598177,1,2,1040389.048,,,0.985097865,0.25,0,0.305555556,0.886309006,0.5,0.111111111
2555,4,3,1988,3.017324416,2,5,602549.2782,,,0.456405694,0.75,1,0.527777778,0.560144825,1,0.444444444
1776,4,3,2006,4.228196603,2,4,468699.4413,,,0.283140569,0.75,1,0.777777778,0.830233194,1,0.333333333
3266,5,2,1983,3.707806981,2,7,738226.712,,,0.614546263,1,0.5,0.458333333,0.714158859,1,0.666666667
802,4,2,1990,3.635128001,1,4,237185.9133,,,0.066503559,0.75,0.5,0.555555556,0.697947613,0.5,0.333333333
1138,2,3,2022,1.959556135,2,9,315357.481,,,0.141236655,0.25,1,1,0.324206704,1,0.888888889
555,2,1,1962,1.552536192,0,2,111626.8534,,,0.011565836,0.25,0,0.166666667,0.233419787,0,0.111111111
1025,4,3,2019,1.448988025,0,6,282660.2193,,,0.116103203,0.75,1,0.958333333,0.210323084,0,0.555555556
4623,2,2,1955,4.357362457,1,7,972040.06,,,0.916370107,0.25,0.5,0.069444444,0.859043992,0.5,0.666666667
2625,5,1,2001,4.191920691,0,4,625113.6085,,,0.471975089,1,0,0.708333333,0.822141752,0,0.333333333
3787,1,1,1952,2.482580876,1,6,745395.8554,,,0.730427046,0,0,0.027777778,0.440868809,0.5,0.555555556
864,5,3,2012,1.095820761,0,7,250123.4691,,,,,,,,,
2146,5,2,1998,2.220135134,0,4,510968.1407,,,,,,,,,
1418,2,3,1996,3.287045544,0,8,353161.4613,,,,,,,,,
3297,1,3,2004,2.544814195,1,9,740330.4672,,,,,,,,,
2031,2,3,2013,4.010851708,1,1,496840.5292,,,,,,,,,
3845,3,1,2014,4.9893027,2,7,888020.5575,,,,,,,,,
2406,2,1,2016,1.360094398,1,9,522309.4059,,,,,,,,,
3586,2,2,1964,2.568428688,0,10,724033.5605,,,,,,,,,
2575,2,2,1981,2.439427559,0,5,545482.742,,,,,,,,,
1213,1,3,2017,1.870216397,1,2,305026.7708,,,,,,,,,
1562,2,3,1967,1.391429825,1,10,355453.1829,,,,,,,,,
2476,1,3,1992,0.795614524,1,6,513292.7597,,,,,,,,,
1796,4,2,1984,4.492036928,2,7,442278.7666,,,,,,,,,
625,3,1,2007,2.38931914,0,2,185569.8943,,,,,,,,,
4096,1,1,1982,2.736029833,2,2,826494.0471,,,,,,,,,
3783,4,3,1963,4.626239217,2,10,839074.0204,,,,,,,,,
2103,1,3,1983,3.993307149,0,10,474659.8601,,,,,,,,,
566,1,3,2010,1.087255689,0,1,158454.8392,,,,,,,,,
732,3,3,1953,3.044389854,1,4,190802.0703,,,,,,,,,
2656,5,2,2008,2.490135244,1,7,619516.3325,,,,,,,,,
1669,5,1,1978,4.087449827,2,9,416605.6073,,,,,,,,,
2658,1,3,1955,3.759046464,1,3,551324.4887,,,,,,,,,
4706,2,2,1998,3.606825749,1,7,1000021.761,,,,,,,,,
1993,4,3,1989,2.03245176,0,7,462185.7242,,,,,,,,,
4507,2,3,2014,4.122336787,0,7,985499.1963,,,,,,,,,
2972,2,1,2018,0.73576083,1,2,629290.1434,,,,,,,,,
3160,1,3,1976,1.218312056,0,6,627322.9412,,,,,,,,,
3239,1,1,1955,2.010304728,1,2,638451.4028,,,,,,,,,
2261,1,1,1962,0.845633485,0,6,439898.8033,,,,,,,,,
4014,1,1,2013,1.557474249,0,10,821146.2339,,,,,,,,,
2475,5,2,2011,4.235679423,0,3,594005.0065,,,,,,,,,
2862,1,2,1968,4.76713192,0,2,613658.1099,,,,,,,,,
1376,5,1,1992,1.870710601,1,6,335417.637,,,,,,,,,
4312,5,3,1969,1.690321118,2,2,919941.4098,,,,,,,,,
3948,1,1,2017,1.759516935,0,5,823529.5489,,,,,,,,,
1812,3,3,1993,1.749735893,1,2,415639.6454,,,,,,,,,
1960,4,1,1972,0.66168582,1,3,407600.3914,,,,,,,,,
3209,2,3,1951,4.671123558,0,3,694271.1623,,,,,,,,,
2824,5,2,1971,1.461641637,2,6,591174.1369,,,,,,,,,
2233,4,3,2006,2.390018333,0,6,525760.8806,,,,,,,,,
2105,3,1,2021,0.543590972,1,10,472291.9525,,,,,,,,,
3063,2,2,1956,4.360797909,2,3,647832.2076,,,,,,,,,
3921,2,3,2005,3.79020805,1,3,889364.8171,,,,,,,,,
4017,5,3,2016,4.760402158,0,1,935451.9336,,,,,,,,,
2897,1,3,1965,4.017269656,2,7,625246.118,,,,,,,,,
4235,3,3,2000,1.911679304,1,8,917235.4105,,,,,,,,,
3370,5,3,2021,1.615430114,1,2,769318.6038,,,,,,,,,
1660,3,2,1961,3.639723384,1,4,357130.1203,,,,,,,,,
742,1,2,2002,2.138507488,0,10,181191.067,,,,,,,,,
3090,1,2,1954,3.047967571,2,7,641013.9191,,,,,,,,,
1563,5,2,1976,0.52815862,0,8,336153.428,,,,,,,,,
4824,1,1,1961,0.778485658,0,1,924012.9418,,,,,,,,,
3095,4,2,1966,2.909155735,0,4,670894.0581,,,,,,,,,
1419,2,3,1955,3.047322409,2,6,312202.0872,,,,,,,,,
505,5,3,1954,3.88153825,0,3,159121.4656,,,,,,,,,
967,3,2,2006,1.093843938,0,5,240302.22,,,,,,,,,
4670,4,3,1977,2.809323877,0,10,1001847.36,,,,,,,,,
503,5,2,2018,1.3750144,0,9,206042.3513,,,,,,,,,
1145,1,3,2008,0.919382538,1,3,275063.0991,,,,,,,,,
617,1,1,1982,2.347231073,0,5,147206.8658,,,,,,,,,
3428,1,1,2011,1.235014916,1,8,710065.5618,,,,,,,,,
3051,1,2,1999,1.498018902,0,6,624411.6025,,,,,,,,,
4789,3,2,1968,1.928995609,2,4,988358.2476,,,,,,,,,
1346,4,2,2018,1.667247803,1,8,351280.4162,,,,,,,,,
3262,2,3,2015,0.894160838,1,3,696027.2852,,,,,,,,,
1641,3,2,1996,0.904623102,1,3,364016.4012,,,,,,,,,
2310,3,1,1988,1.369622369,1,4,494537.5115,,,,,,,,,
1223,2,3,2017,0.727516346,2,9,307116.6791,,,,,,,,,
724,2,2,1982,3.319056589,0,5,194628.7274,,,,,,,,,
4708,1,3,1962,1.792970224,1,8,949404.2007,,,,,,,,,
2548,3,3,2003,1.758856855,2,6,574912.7662,,,,,,,,,
4915,5,2,1956,1.993992324,1,3,1011770.879,,,,,,,,,
2073,2,3,1963,3.482583234,0,8,438849.2345,,,,,,,,,
2328,2,1,1968,4.417852467,1,9,527715.5374,,,,,,,,,
2417,4,1,2003,3.915891197,2,8,580272.8716,,,,,,,,,
4734,5,3,1969,3.773881536,0,4,1021159.692,,,,,,,,,
2526,5,2,1978,2.679760335,2,6,567108.4842,,,,,,,,,
4244,2,3,1973,3.622125006,0,1,926488.4541,,,,,,,,,
1401,1,1,2012,2.987430656,0,4,321278.1795,,,,,,,,,
2539,4,3,2006,1.473127377,0,8,572608.4314,,,,,,,,,
509,5,3,1957,1.438647655,1,1,140538.0832,,,,,,,,,
760,2,1,2011,1.833764031,2,3,211508.5901,,,,,,,,,
2173,5,3,1978,4.598612019,2,1,552158.5008,,,,,,,,,
2719,4,3,1966,2.963366782,2,9,623326.5868,,,,,,,,,
2560,4,2,2015,3.802574197,0,2,622100.1895,,,,,,,,,
4213,3,2,1955,2.059514419,1,9,845932.4083,,,,,,,,,
2119,2,1,2007,2.334720968,0,4,468251.3633,,,,,,,,,
820,4,1,2018,1.065045104,2,2,236054.0003,,,,,,,,,
1842,3,1,1977,1.27082731,1,4,405144.6701,,,,,,,,,
2876,3,2,2011,4.223104497,1,10,663568.5127,,,,,,,,,
3332,5,1,1990,3.131773843,1,6,755402.3727,,,,,,,,,
3324,5,1,2018,2.018896096,2,7,759882.5851,,,,,,,,,
2494,3,1,1990,4.11283044,1,3,578870.762,,,,,,,,,
3458,5,2,1998,1.609339575,1,3,760720.1465,,,,,,,,,
2538,4,3,1998,4.892147144,0,10,611557.8809,,,,,,,,,
3990,1,1,2020,2.051679235,0,8,851283.9163,,,,,,,,,
4177,4,3,1952,2.017899294,1,5,870212.7997,,,,,,,,,
1618,3,1,1959,1.903603575,1,4,340874.6233,,,,,,,,,
2104,3,3,1984,1.049501822,0,7,451409.481,,,,,,,,,
4527,4,2,1951,1.000117163,0,7,898403.5372,,,,,,,,,
735,5,2,1973,3.416472655,0,9,198659.2199,,,,,,,,,
2469,5,1,1987,4.438031201,2,9,600564.2007,,,,,,,,,
4929,3,3,1971,4.057342296,2,5,1062899.029,,,,,,,,,
2408,2,2,1975,1.134984173,0,8,476966.9363,,,,,,,,,
875,5,1,1992,2.955119548,1,10,245941.0565,,,,,,,,,
4030,4,1,2004,0.975161957,0,1,844959.8412,,,,,,,,,
3135,5,2,1988,0.703825896,2,9,663727.5441,,,,,,,,,
2070,4,2,1978,3.453736367,1,8,473629.2215,,,,,,,,,
3060,3,1,1969,2.908185502,2,6,638284.479,,,,,,,,,
3891,5,3,1990,0.869106583,1,3,833111.8086,,,,,,,,,
3465,4,3,2003,0.657226609,2,3,749471.4241,,,,,,,,,
4143,3,3,1969,4.95390386,1,8,891638.5087,,,,,,,,,
4350,2,1,1968,0.635095995,1,5,877752.3422,,,,,,,,,
1372,4,2,2015,2.500377139,1,10,377431.0644,,,,,,,,,
1752,2,1,1979,2.770785611,1,7,373171.5899,,,,,,,,,
1814,2,2,2002,1.027760665,2,5,405940.6239,,,,,,,,,
3398,1,3,1983,1.260778003,2,8,706686.3209,,,,,,,,,
577,5,3,1971,2.083122529,1,10,185557.6965,,,,,,,,,
3121,4,2,2016,3.927541443,1,10,728927.0714,,,,,,,,,
4727,2,2,1955,2.781870908,2,4,976049.1315,,,,,,,,,
1100,1,1,1976,3.370558435,1,2,241079.3235,,,,,,,,,
1565,3,3,1959,4.933285498,1,3,368640.6584,,,,,,,,,
2636,4,1,2022,3.956024459,1,8,645781.7325,,,,,,,,,
2949,2,1,1997,2.454626742,0,7,641526.9854,,,,,,,,,
2843,5,1,2019,2.508988648,1,2,691113.9195,,,,,,,,,
2363,1,3,2008,3.284474347,0,6,528869.8625,,,,,,,,,
1818,2,1,2008,3.494143438,1,9,441001.3484,,,,,,,,,
4097,5,1,1951,2.753199166,2,4,852599.9751,,,,,,,,,
4262,2,1,1978,3.401875503,0,9,894261.7196,,,,,,,,,
2690,4,1,2017,0.605896225,0,2,574383.5479,,,,,,,,,
1492,4,1,2014,2.433302888,1,2,366271.8456,,,,,,,,,
3212,4,1,1975,1.755221342,1,9,665969.5719,,,,,,,,,
2692,1,3,1959,1.081285004,0,7,525408.9155,,,,,,,,,
1748,4,1,2002,0.947959308,2,7,394408.5769,,,,,,,,,
3554,5,2,2008,3.214364745,2,1,826606.0146,,,,,,,,,
4533,2,1,1971,2.856202462,1,6,940711.9831,,,,,,,,,
2497,3,1,2000,1.641128526,2,7,555012.7033,,,,,,,,,
4187,5,3,1997,2.619275264,2,6,950877.0054,,,,,,,,,
2651,5,3,1970,2.715045418,1,6,601083.9476,,,,,,,,,
4518,4,2,1971,1.377540412,2,2,926094.1391,,,,,,,,,
3610,1,2,1979,3.434418778,1,6,774150.0468,,,,,,,,,
2470,2,3,1974,4.014137104,0,4,543160.4942,,,,,,,,,
697,1,3,1977,4.061585934,1,9,202427.974,,,,,,,,,
3126,2,1,2014,3.211114238,0,1,708104.0557,,,,,,,,,
1702,2,3,1994,2.802373621,0,8,402002.4844,,,,,,,,,
2535,1,2,2017,0.774532144,2,5,533656.394,,,,,,,,,
977,5,1,1956,1.795240845,2,1,214146.491,,,,,,,,,
1754,2,2,1998,0.919721511,2,4,398823.2673,,,,,,,,,
1422,1,1,1958,4.837204224,1,1,313266.8365,,,,,,,,,
919,2,3,1985,1.107860658,2,6,217213.6452,,,,,,,,,
2704,3,2,1950,1.182989344,0,2,539133.0843,,,,,,,,,
3097,5,1,1959,4.503094782,2,5,697909.6504,,,,,,,,,
1620,4,1,1985,4.747677276,2,7,418003.1573,,,,,,,,,
3568,2,3,2022,3.946230677,1,2,818706.7764,,,,,,,,,
1450,3,3,1995,0.524322157,1,6,325738.1479,,,,,,,,,
2836,4,3,1981,0.506058219,0,6,605369.8615,,,,,,,,,
2743,4,2,1981,2.201453464,1,5,606157.4973,,,,,,,,,
3145,2,1,1955,1.145279165,2,5,613606.1875,,,,,,,,,
2357,1,3,1997,0.58273764,1,3,503962.1877,,,,,,,,,
2365,2,2,1987,2.588300102,0,10,510534.1604,,,,,,,,,
3412,3,2,1966,4.743778538,2,10,744040.0563,,,,,,,,,
3353,4,2,1976,1.957188087,0,2,701368.1143,,,,,,,,,
3728,2,3,2003,3.475133053,1,7,816939.5874,,,,,,,,,
4219,1,3,1999,3.435059089,1,1,907601.7862,,,,,,,,,
3728,2,1,1984,1.629860466,0,6,771385.1498,,,,,,,,,
2871,5,1,1974,3.42691362,2,6,636552.7525,,,,,,,,,
3391,1,3,1977,1.455502884,1,3,694917.3009,,,,,,,,,
4256,3,2,1964,1.049033361,1,2,852368.607,,,,,,,,,
4725,4,2,1953,3.656224785,2,2,993240.2814,,,,,,,,,
594,2,2,2022,1.010483677,1,9,158856.843,,,,,,,,,
3174,1,1,1976,4.986091484,0,5,678385.99,,,,,,,,,
2455,5,2,1975,1.325535805,1,7,531945.9833,,,,,,,,,
1293,1,1,1968,3.173638382,1,5,279607.4552,,,,,,,,,
2334,5,1,1966,2.351185571,2,7,515300.5927,,,,,,,,,
2616,3,2,1992,1.068738901,0,4,542247.1623,,,,,,,,,
4606,4,2,1990,0.625297584,2,8,974421.4462,,,,,,,,,
3825,3,3,1991,3.30229527,1,10,843637.4595,,,,,,,,,
3419,2,3,1999,4.130409037,1,10,772740.0707,,,,,,,,,
3097,1,2,1989,4.289070477,2,7,685644.2336,,,,,,,,,
3705,5,1,1988,2.672210629,2,10,808905.585,,,,,,,,,
1314,5,1,1972,3.998549602,2,5,341956.2674,,,,,,,,,
845,1,1,2001,3.527812101,0,6,222673.0659,,,,,,,,,
2849,1,1,1996,3.759145374,1,5,604718.2237,,,,,,,,,
862,2,1,2012,2.716695523,2,7,234762.8245,,,,,,,,,
2943,3,3,2018,3.350352831,1,2,690305.8228,,,,,,,,,
2765,5,2,1992,4.124866611,0,5,652434.7052,,,,,,,,,
2688,2,3,1997,2.29047879,0,10,601890.2919,,,,,,,,,
3505,3,1,1983,4.126905054,0,3,753186.1677,,,,,,,,,
3781,2,1,1989,3.164075793,0,9,792681.5184,,,,,,,,,
1484,5,1,2010,1.24655461,1,6,360372.978,,,,,,,,,
2139,1,1,1999,0.611078708,0,10,422950.9047,,,,,,,,,
1327,1,2,2016,2.132391202,0,3,312914.0031,,,,,,,,,
3230,3,1,2011,2.960133477,2,7,734110.0244,,,,,,,,,
4031,4,2,2007,4.279191585,0,4,899849.5188,,,,,,,,,
4951,3,1,1982,1.073685561,2,3,1017583.427,,,,,,,,,
3435,4,2,1965,4.100928565,0,8,729494.9062,,,,,,,,,
4376,2,3,1997,4.383540707,0,4,953339.7306,,,,,,,,,
626,2,1,1959,1.178093692,2,1,113576.5124,,,,,,,,,
3677,5,2,1987,4.332174437,0,6,847131.2133,,,,,,,,,
3556,4,3,1968,4.961541055,1,10,796875.0928,,,,,,,,,
1103,5,1,1985,3.77077474,1,1,280149.1864,,,,,,,,,
3949,1,1,2008,4.031463568,0,5,833283.0645,,,,,,,,,
4646,4,1,2012,4.974868704,1,7,1046163.326,,,,,,,,,
4033,3,2,1995,3.224665627,2,6,889107.693,,,,,,,,,
3867,1,2,1952,1.885488719,0,2,760436.8894,,,,,,,,,
3868,1,3,2014,4.268888753,0,4,864309.0324,,,,,,,,,
4297,3,2,1957,3.265185999,2,2,910000.386,,,,,,,,,
2292,1,2,2000,3.115379407,2,1,512734.7789,,,,,,,,,
3361,4,1,2022,1.64136,2,3,762769.5056,,,,,,,,,
3976,5,1,1955,3.903504213,0,3,827432.4143,,,,,,,,,
3917,1,1,1988,0.867502741,2,7,780363.0628,,,,,,,,,
2145,4,1,2009,4.659291819,2,1,524818.9633,,,,,,,,,
1705,2,1,1977,1.966205573,1,9,354744.6306,,,,,,,,,
3530,4,1,2003,1.074985938,1,6,754662.1769,,,,,,,,,
3372,5,1,1986,2.490649399,0,4,733900.7559,,,,,,,,,
3572,4,3,1958,0.691114592,1,3,729385.5524,,,,,,,,,
2354,3,3,2005,3.580817874,1,3,556236.7348,,,,,,,,,
4521,5,3,2008,4.562174797,2,2,1039730.214,,,,,,,,,
3208,2,3,1951,4.267683532,2,2,672640.7863,,,,,,,,,
4002,3,1,2010,1.073162631,1,10,860129.7292,,,,,,,,,
1832,4,3,2007,1.068220117,1,5,432387.041,,,,,,,,,
701,5,1,2009,4.16045517,1,9,246717.9664,,,,,,,,,
4007,2,3,1989,4.659144236,0,2,897176.5668,,,,,,,,,
4712,3,2,1985,2.573014234,0,2,976572.7482,,,,,,,,,
1074,2,3,1986,2.745370026,0,6,251724.6793,,,,,,,,,
1036,4,3,1967,1.932179186,1,10,238220.4845,,,,,,,,,
2125,2,1,2012,4.524193032,1,2,514184.1817,,,,,,,,,
2622,1,3,1971,3.402063074,0,4,561747.2624,,,,,,,,,
885,3,2,1960,1.797132097,0,6,194353.7361,,,,,,,,,
3781,2,1,2007,1.84452292,1,5,826587.797,,,,,,,,,
974,4,1,2006,4.510400329,2,1,280961.6804,,,,,,,,,
917,4,3,1953,0.561353108,0,6,191907.6525,,,,,,,,,
4100,2,1,1956,1.952269577,1,1,809712.7379,,,,,,,,,
1454,4,1,2010,2.994605065,1,3,369854.9245,,,,,,,,,
1705,5,1,2003,1.166978579,2,10,400306.9574,,,,,,,,,
4620,5,1,2017,0.914444394,1,5,985628.9692,,,,,,,,,
2490,5,1,1950,4.16874349,1,10,567376.4007,,,,,,,,,
4072,1,1,2004,4.524819749,0,5,889695.2695,,,,,,,,,
4880,2,2,1952,4.206228894,0,10,1004325.393,,,,,,,,,
4658,1,3,1987,4.544545504,2,6,1021278.34,,,,,,,,,
3213,4,2,1950,2.98900387,2,10,665309.7684,,,,,,,,,
2703,1,1,1987,4.155161544,1,8,576620.3719,,,,,,,,,
3620,4,1,1978,2.228191873,0,5,738643.2008,,,,,,,,,
1466,4,3,1954,3.498205377,2,1,343678.9352,,,,,,,,,
3932,3,2,1970,4.949759891,2,5,865263.3836,,,,,,,,,
1188,5,3,2020,1.515774757,2,3,342365.2071,,,,,,,,,
4743,4,2,2016,2.254548858,1,4,1037911.652,,,,,,,,,
4201,3,1,1996,2.660213198,0,8,876992.6297,,,,,,,,,
841,5,3,1984,1.121069692,2,7,238047.5928,,,,,,,,,
2224,4,3,2017,0.864673747,0,5,518166.3814,,,,,,,,,
4922,4,1,2018,4.233752898,2,2,1108236.836,,,,,,,,,
2292,1,3,1950,4.895574678,2,6,483905.9984,,,,,,,,,
2259,1,2,2017,2.321262787,0,6,509733.8504,,,,,,,,,
3712,5,2,1961,0.894424263,0,10,747938.7115,,,,,,,,,
1489,4,2,2009,0.796152923,0,10,347769.0613,,,,,,,,,
2762,2,2,1976,4.510931929,1,6,619407.6279,,,,,,,,,
2982,1,1,2005,2.587164124,2,9,646118.3979,,,,,,,,,
1451,5,3,1972,1.940122925,1,8,338786.4441,,,,,,,,,
1222,4,2,1974,2.644075721,0,8,291123.8674,,,,,,,,,
3889,4,1,1970,1.932368426,2,1,796470.1732,,,,,,,,,
2579,2,3,2010,2.700660989,1,5,603812.5888,,,,,,,,,
3217,5,3,2012,4.368003786,2,7,779867.2166,,,,,,,,,
2832,4,1,2001,3.16535617,1,6,656065.842,,,,,,,,,
3876,1,1,1974,3.625941978,0,5,793323.8128,,,,,,,,,
2000,2,2,2004,2.141018043,1,8,448879.5108,,,,,,,,,
785,5,3,1995,3.823276453,2,3,262707.2789,,,,,,,,,
3995,2,3,1981,3.499776882,2,6,872258.3925,,,,,,,,,
2565,1,1,2004,1.03802899,2,5,530476.1233,,,,,,,,,
1268,5,3,1954,3.076892839,2,8,321199.3469,,,,,,,,,
3557,2,2,1985,1.655345733,0,4,730405.662,,,,,,,,,
4789,3,3,1998,4.118430513,1,8,1033816.825,,,,,,,,,
2661,1,1,2007,2.416719688,0,10,564747.6546,,,,,,,,,
3793,1,1,1988,4.976078743,0,2,804450.099,,,,,,,,,
1446,1,2,2010,0.916251971,0,9,316282.8068,,,,,,,,,
3835,3,2,1958,4.011565382,2,9,806269.4034,,,,,,,,,
4650,3,3,1955,3.531657801,2,10,988234.618,,,,,,,,,
1981,4,3,1984,3.953744738,2,10,489595.4125,,,,,,,,,
2401,2,1,1988,1.88388408,1,6,504682.3012,,,,,,,,,
3951,4,2,1971,2.714245202,2,4,851472.5994,,,,,,,,,
4564,2,2,1990,4.084288339,1,4,991703.3944,,,,,,,,,
554,3,2,1954,1.546435992,2,6,120795.5524,,,,,,,,,
2323,3,3,1991,1.517149386,2,5,511645.2378,,,,,,,,,
3962,4,2,2016,2.97972929,0,6,868356.2432,,,,,,,,,
3579,5,1,1979,2.856036108,0,7,765780.044,,,,,,,,,
1332,4,1,2006,1.770181117,0,7,317780.5943,,,,,,,,,
4908,2,3,2022,1.841340427,1,9,1058290.681,,,,,,,,,
3306,4,3,1978,1.750303234,1,8,708003.0797,,,,,,,,,
2990,1,2,1986,3.971804279,2,6,663456.3939,,,,,,,,,
827,2,3,1962,3.433553895,1,6,198773.4757,,,,,,,,,
3810,2,1,1981,4.245877325,2,5,821117.7482,,,,,,,,,
3800,5,2,1995,4.889628627,1,1,888184.3038,,,,,,,,,
4175,3,1,1972,2.633739333,1,9,869924.3421,,,,,,,,,
3554,2,2,1994,0.800122466,1,9,734201.4616,,,,,,,,,
2643,3,3,1966,0.716415397,0,9,530326.7865,,,,,,,,,
1811,4,2,2015,1.830492677,1,8,436325.0762,,,,,,,,,
3691,1,2,1955,4.696450652,0,10,758140.6273,,,,,,,,,
3038,5,1,1967,2.854458747,0,3,647006.8126,,,,,,,,,
4483,3,1,1971,1.723039322,1,1,921002.2482,,,,,,,,,
664,2,2,1982,2.296250575,2,8,170024.8759,,,,,,,,,
4777,3,3,1979,3.193677983,2,7,1009807.439,,,,,,,,,
1322,2,3,1981,3.438273462,2,5,345655.7949,,,,,,,,,
1443,3,1,1991,1.192637794,1,10,320689.2188,,,,,,,,,
4925,2,3,1959,4.896642544,2,7,1034380.204,,,,,,,,,
1274,4,1,1985,2.951475021,0,10,304653.636,,,,,,,,,
2698,2,3,1983,1.11059743,2,4,571367.8253,,,,,,,,,
3656,2,2,2022,4.52135864,1,9,856066.3005,,,,,,,,,
4742,1,1,1977,0.83587294,2,10,931856.9695,,,,,,,,,
4195,2,1,1960,4.584809449,0,2,882532.5489,,,,,,,,,
3952,1,2,1988,4.984545453,1,9,875163.0461,,,,,,,,,
1414,5,1,1996,3.651943096,2,9,372292.6034,,,,,,,,,
1808,1,3,1968,3.967012495,1,5,402330.0512,,,,,,,,,
4677,4,3,1964,2.017862764,1,1,965304.849,,,,,,,,,
1013,1,1,1977,4.737095837,1,7,248621.8261,,,,,,,,,
2420,5,3,1973,2.883712847,2,10,560889.793,,,,,,,,,
4094,4,1,2021,3.79574801,1,10,933332.7201,,,,,,,,,
1909,3,2,1958,4.658484722,2,4,453579.1055,,,,,,,,,
3690,3,1,1996,4.888309892,0,9,814843.6877,,,,,,,,,
4991,1,2,1982,4.249419605,2,6,1037268.043,,,,,,,,,
2055,1,3,2011,1.863578781,0,3,460741.2339,,,,,,,,,
1304,5,2,1968,4.849463824,2,6,357477.3327,,,,,,,,,
1779,5,3,2016,3.326537891,1,10,480192.2452,,,,,,,,,
4077,2,1,1989,4.687891144,2,6,886451.6347,,,,,,,,,
3401,5,3,1996,3.542472616,1,5,786584.6102,,,,,,,,,
1887,2,1,2014,1.882575328,0,2,439793.078,,,,,,,,,
3261,4,1,1978,2.165110359,2,10,701493.9971,,,,,,,,,
3179,1,2,1999,2.977122997,1,10,683723.1607,,,,,,,,,
2606,4,2,1962,4.055066787,0,2,572024.0236,,,,,,,,,
4723,5,2,1950,1.930921481,0,7,964865.2986,,,,,,,,,
3268,4,2,1983,3.108790248,2,2,742599.2533,,,,,,,,,
,,,,,,,,,,,,,,,,
4999,5,3,2022,4.9893027,2,10,,Max,,,,,,,,
503,1,1,1950,0.506058219,0,1,,Min,,,,,,,,
